Case Name,Benchmarking Module Name_baseline,Execution Time_baseline,Execution Time_new,execution_time_change_pct,execution_time_regression,Peak Memory (KB)_baseline,Peak Memory (KB)_new,memory_change_pct,memory_regression,source_file_baseline,source_file_new
addmm_M1024_N512_K512_cuda_dtypetorch.float16_bwdall_BACKWARD,addmm,103.750552,181.695361,75.12712703446628,True,295425.0,295425.0,0.0,False,operator_microbenchmark_add.csv,operator_microbenchmark_add.csv
matmul_M256_N512_K4096_trans_aFalse_trans_bTrue_cuda_dtypetorch.bfloat16_bwd1_BACKWARD,matmul,109.531288,183.536971,67.5657927075595,True,95745.0,95745.0,0.0,False,operator_microbenchmark_matmul.csv,operator_microbenchmark_matmul.csv
matmul_M256_N512_K512_trans_aFalse_trans_bFalse_cuda_dtypetorch.bfloat16_bwdall_BACKWARD,matmul,83.846056,138.236005,64.8688222138916,True,70657.0,70657.0,0.0,False,operator_microbenchmark_matmul.csv,operator_microbenchmark_matmul.csv
matmul_M256_N512_K4096_trans_aFalse_trans_bTrue_cuda_dtypetorch.float16_bwdall_BACKWARD,matmul,97.775846,159.613807,63.24461871697843,True,87297.0,87297.0,0.0,False,operator_microbenchmark_matmul.csv,operator_microbenchmark_matmul.csv
matmul_M256_N512_K4096_trans_aTrue_trans_bTrue_cuda_dtypetorch.float32_bwdall_BACKWARD,matmul,117.23814,190.774174,62.72364437033886,True,112897.0,112897.0,0.0,False,operator_microbenchmark_matmul.csv,operator_microbenchmark_matmul.csv
matmul_M256_N512_K4096_trans_aTrue_trans_bTrue_cuda_dtypetorch.float32_bwd1_BACKWARD,matmul,104.718026,169.532032,61.8938386023434,True,125953.0,125953.0,0.0,False,operator_microbenchmark_matmul.csv,operator_microbenchmark_matmul.csv
matmul_M256_N512_K4096_trans_aTrue_trans_bFalse_cuda_dtypetorch.float16_bwdall_BACKWARD,matmul,101.84376,164.77295,61.7899319506664,True,108801.0,108801.0,0.0,False,operator_microbenchmark_matmul.csv,operator_microbenchmark_matmul.csv
matmul_M256_N512_K512_trans_aFalse_trans_bFalse_cuda_dtypetorch.float32_bwd2_BACKWARD,matmul,95.698033,147.548402,54.1812275284697,True,75777.0,75777.0,0.0,False,operator_microbenchmark_matmul.csv,operator_microbenchmark_matmul.csv
matmul_M256_N512_K4096_trans_aTrue_trans_bTrue_cuda_dtypetorch.bfloat16_bwdall_BACKWARD,matmul,117.16433,178.970435,52.751639513493565,True,95745.0,95745.0,0.0,False,operator_microbenchmark_matmul.csv,operator_microbenchmark_matmul.csv
matmul_M256_N512_K512_trans_aFalse_trans_bFalse_cuda_dtypetorch.bfloat16_bwd1_BACKWARD,matmul,102.534404,156.493859,52.62570697733806,True,70657.0,70657.0,0.0,False,operator_microbenchmark_matmul.csv,operator_microbenchmark_matmul.csv
addmm_M1024_N512_K512_cuda_dtypetorch.float32_bwdall_BACKWARD,addmm,134.407303,201.855835,50.18219285301782,True,90625.0,90625.0,0.0,False,operator_microbenchmark_add.csv,operator_microbenchmark_add.csv
matmul_M256_N4096_K512_trans_aFalse_trans_bFalse_cuda_dtypetorch.bfloat16_bwdall_BACKWARD,matmul,84.675057,126.6401,49.56010008945139,True,102913.0,102913.0,0.0,False,operator_microbenchmark_matmul.csv,operator_microbenchmark_matmul.csv
matmul_M256_N512_K4096_trans_aFalse_trans_bFalse_cuda_dtypetorch.bfloat16_bwd2_BACKWARD,matmul,102.521668,153.097706,49.33204754335442,True,95745.0,95745.0,0.0,False,operator_microbenchmark_matmul.csv,operator_microbenchmark_matmul.csv
addmm_M1024_N512_K512_cuda_dtypetorch.float16_bwd1_BACKWARD,addmm,117.119392,174.586195,49.066855640780645,True,81921.0,81921.0,0.0,False,operator_microbenchmark_add.csv,operator_microbenchmark_add.csv
addmm_M1024_N512_K512_cuda_dtypetorch.float32_bwd1_BACKWARD,addmm,132.602938,195.609383,47.51511991385893,True,98305.0,98305.0,0.0,False,operator_microbenchmark_add.csv,operator_microbenchmark_add.csv
matmul_M256_N512_K512_trans_aFalse_trans_bTrue_cuda_dtypetorch.bfloat16_bwdall_BACKWARD,matmul,103.44843,152.346578,47.26813930380576,True,70657.0,70657.0,0.0,False,operator_microbenchmark_matmul.csv,operator_microbenchmark_matmul.csv
matmul_M256_N512_K4096_trans_aFalse_trans_bTrue_cuda_dtypetorch.float32_bwdall_BACKWARD,matmul,108.557149,159.102517,46.56106803247017,True,112897.0,112897.0,0.0,False,operator_microbenchmark_matmul.csv,operator_microbenchmark_matmul.csv
matmul_M256_N4096_K512_trans_aTrue_trans_bFalse_cuda_dtypetorch.bfloat16_bwd2_BACKWARD,matmul,87.868602,128.637705,46.397805441356645,True,102913.0,102913.0,0.0,False,operator_microbenchmark_matmul.csv,operator_microbenchmark_matmul.csv
matmul_M256_N512_K512_trans_aTrue_trans_bFalse_cuda_dtypetorch.float16_bwd1_BACKWARD,matmul,101.019493,146.194385,44.718985077464225,True,70657.0,70657.0,0.0,False,operator_microbenchmark_matmul.csv,operator_microbenchmark_matmul.csv
addmm_M1024_N512_K512_cuda_dtypetorch.float16_bwd3_BACKWARD,addmm,126.737291,182.859336,44.28218763173659,True,81921.0,81921.0,0.0,False,operator_microbenchmark_add.csv,operator_microbenchmark_add.csv
addmm_M1024_N512_K512_cuda_dtypetorch.bfloat16_bwd1_BACKWARD,addmm,127.885496,183.16367,43.22474066957522,True,81921.0,81921.0,0.0,False,operator_microbenchmark_add.csv,operator_microbenchmark_add.csv
addmm_M1024_N512_K512_cuda_dtypetorch.bfloat16_bwd3_BACKWARD,addmm,129.76058,185.258267,42.769296345623594,True,81921.0,81921.0,0.0,False,operator_microbenchmark_add.csv,operator_microbenchmark_add.csv
matmul_M1024_N512_K512_trans_aFalse_trans_bTrue_cuda_dtypetorch.bfloat16_bwd2_BACKWARD,matmul,83.665,119.331866,42.63056953325763,True,76801.0,76801.0,0.0,False,operator_microbenchmark_matmul.csv,operator_microbenchmark_matmul.csv
mm_M3000_N512_K4096_cuda_dtypetorch.bfloat16_bwd1_BACKWARD,mm,91.823953,130.678597,42.314279368913674,True,156113.0,156113.0,0.0,False,operator_microbenchmark_mm.csv,operator_microbenchmark_mm.csv
addmm_M256_N4096_K4096_cuda_dtypetorch.float16_bwd1_BACKWARD,addmm,130.844103,186.166839,42.2814133243743,True,288769.0,288769.0,0.0,False,operator_microbenchmark_add.csv,operator_microbenchmark_add.csv
mm_M1024_N512_K512_cuda_dtypetorch.float16_bwdall_BACKWARD,mm,84.58167,119.965105,41.83345516824152,True,281089.0,281089.0,0.0,False,operator_microbenchmark_mm.csv,operator_microbenchmark_mm.csv
baddbmm_B8_M256_N256_K64_cuda_dtypetorch.float32_bwdall_BACKWARD,baddbmm,99.580849,141.049859,41.64355939564243,True,75265.0,75265.0,0.0,False,operator_microbenchmark_bmm.csv,operator_microbenchmark_bmm.csv
matmul_M256_N512_K512_trans_aTrue_trans_bTrue_cuda_dtypetorch.float16_bwd1_BACKWARD,matmul,100.401985,142.051691,41.482950760385876,True,70657.0,70657.0,0.0,False,operator_microbenchmark_matmul.csv,operator_microbenchmark_matmul.csv
matmul_M256_N512_K4096_trans_aTrue_trans_bFalse_cuda_dtypetorch.float32_bwd2_BACKWARD,matmul,112.163299,158.658349,41.45299791868639,True,125953.0,125953.0,0.0,False,operator_microbenchmark_matmul.csv,operator_microbenchmark_matmul.csv
addmm_M1024_N512_K512_cuda_dtypetorch.float16_bwd2_BACKWARD,addmm,126.305832,177.592917,40.605476554716816,True,81921.0,81921.0,0.0,False,operator_microbenchmark_add.csv,operator_microbenchmark_add.csv
baddbmm_B32_M1024_N256_K64_cuda_dtypetorch.bfloat16_bwd1_BACKWARD,baddbmm,90.610341,126.349863,39.44309402830742,True,198657.0,198657.0,0.0,False,operator_microbenchmark_bmm.csv,operator_microbenchmark_bmm.csv
matmul_M256_N4096_K512_trans_aTrue_trans_bTrue_cuda_dtypetorch.float16_bwd2_BACKWARD,matmul,94.46719,131.695509,39.40872910478229,True,102913.0,102913.0,0.0,False,operator_microbenchmark_matmul.csv,operator_microbenchmark_matmul.csv
baddbmm_B8_M1024_N1024_K128_cuda_dtypetorch.bfloat16_bwdall_BACKWARD,baddbmm,108.750819,151.573329,39.37672414218783,True,251905.0,251905.0,0.0,False,operator_microbenchmark_bmm.csv,operator_microbenchmark_bmm.csv
baddbmm_B8_M256_N256_K64_cuda_dtypetorch.float32_bwd2_BACKWARD,baddbmm,97.116065,135.188815,39.20334910604131,True,84481.0,84481.0,0.0,False,operator_microbenchmark_bmm.csv,operator_microbenchmark_bmm.csv
addmm_M1024_N512_K512_cuda_dtypetorch.bfloat16_bwdall_BACKWARD,addmm,127.469843,177.349398,39.13047496261529,True,81921.0,81921.0,0.0,False,operator_microbenchmark_add.csv,operator_microbenchmark_add.csv
matmul_M1024_N512_K512_trans_aFalse_trans_bFalse_cuda_dtypetorch.bfloat16_bwdall_BACKWARD,matmul,85.014566,117.951357,38.74252678064604,True,76801.0,76801.0,0.0,False,operator_microbenchmark_matmul.csv,operator_microbenchmark_matmul.csv
matmul_M1024_N4096_K512_trans_aFalse_trans_bTrue_cuda_dtypetorch.float16_bwd1_BACKWARD,matmul,86.358526,119.738397,38.65266412722237,True,141313.0,141313.0,0.0,False,operator_microbenchmark_matmul.csv,operator_microbenchmark_matmul.csv
matmul_M256_N512_K4096_trans_aFalse_trans_bTrue_cuda_dtypetorch.float32_bwd2_BACKWARD,matmul,111.282072,152.802,37.31052743158843,True,125953.0,125953.0,0.0,False,operator_microbenchmark_matmul.csv,operator_microbenchmark_matmul.csv
mm_M256_N512_K4096_cuda_dtypetorch.bfloat16_bwd1_BACKWARD,mm,93.810368,128.439653,36.91413405392461,True,95745.0,95745.0,0.0,False,operator_microbenchmark_mm.csv,operator_microbenchmark_mm.csv
matmul_M1024_N4096_K512_trans_aFalse_trans_bFalse_cuda_dtypetorch.bfloat16_bwdall_BACKWARD,matmul,83.517863,114.181267,36.71478519511449,True,141313.0,141313.0,0.0,False,operator_microbenchmark_matmul.csv,operator_microbenchmark_matmul.csv
addmm_M256_N4096_K4096_cuda_dtypetorch.float16_bwdall_BACKWARD,addmm,133.986312,182.341996,36.09001791168041,True,216577.0,216577.0,0.0,False,operator_microbenchmark_add.csv,operator_microbenchmark_add.csv
matmul_M256_N512_K4096_trans_aTrue_trans_bFalse_cuda_dtypetorch.bfloat16_bwd2_BACKWARD,matmul,122.097359,166.129456,36.063103543459945,True,95745.0,95745.0,0.0,False,operator_microbenchmark_matmul.csv,operator_microbenchmark_matmul.csv
baddbmm_B8_M1024_N256_K128_cuda_dtypetorch.bfloat16_bwd3_BACKWARD,baddbmm,99.298744,134.279504,35.227797040413726,True,107521.0,107521.0,0.0,False,operator_microbenchmark_bmm.csv,operator_microbenchmark_bmm.csv
matmul_M256_N512_K512_trans_aTrue_trans_bTrue_cuda_dtypetorch.float32_bwd2_BACKWARD,matmul,111.758813,150.210744,34.4061734084452,True,75777.0,75777.0,0.0,False,operator_microbenchmark_matmul.csv,operator_microbenchmark_matmul.csv
bmm_B32_M1024_N256_K128_cuda_dtypetorch.bfloat16_bwd1_BACKWARD,bmm,89.492822,119.966062,34.05104378091909,True,192513.0,192513.0,0.0,False,operator_microbenchmark_bmm.csv,operator_microbenchmark_bmm.csv
addmm_M1024_N512_K4096_cuda_dtypetorch.bfloat16_bwd1_BACKWARD,addmm,102.572908,137.325815,33.88117552443771,True,153601.0,153601.0,0.0,False,operator_microbenchmark_add.csv,operator_microbenchmark_add.csv
matmul_M256_N4096_K4096_trans_aFalse_trans_bTrue_cuda_dtypetorch.bfloat16_bwdall_BACKWARD,matmul,109.280681,146.257703,33.836741921474655,True,278529.0,278529.0,0.0,False,operator_microbenchmark_matmul.csv,operator_microbenchmark_matmul.csv
matmul_M1024_N4096_K512_trans_aFalse_trans_bTrue_cuda_dtypetorch.bfloat16_bwd1_BACKWARD,matmul,93.331243,124.720418,33.6320121655296,True,141313.0,141313.0,0.0,False,operator_microbenchmark_matmul.csv,operator_microbenchmark_matmul.csv
matmul_M256_N512_K512_trans_aFalse_trans_bTrue_cuda_dtypetorch.float16_bwd2_BACKWARD,matmul,117.610373,156.269369,32.87039655932391,True,70657.0,70657.0,0.0,False,operator_microbenchmark_matmul.csv,operator_microbenchmark_matmul.csv
addmm_M256_N4096_K4096_cuda_dtypetorch.bfloat16_bwd3_BACKWARD,addmm,130.865632,172.118546,31.523107610101942,True,288769.0,288769.0,0.0,False,operator_microbenchmark_add.csv,operator_microbenchmark_add.csv
bmm_B8_M256_N1024_K64_cuda_dtypetorch.bfloat16_bwd1_BACKWARD,bmm,83.557826,109.700293,31.286676845804955,True,96769.0,96769.0,0.0,False,operator_microbenchmark_bmm.csv,operator_microbenchmark_bmm.csv
matmul_M1024_N4096_K512_trans_aFalse_trans_bFalse_cuda_dtypetorch.float16_bwdall_BACKWARD,matmul,93.574644,122.582864,31.000085877964967,True,178177.0,178177.0,0.0,False,operator_microbenchmark_matmul.csv,operator_microbenchmark_matmul.csv
matmul_M1024_N512_K512_trans_aTrue_trans_bFalse_cuda_dtypetorch.float16_bwdall_BACKWARD,matmul,90.031072,117.813427,30.85862956291358,True,81409.0,81409.0,0.0,False,operator_microbenchmark_matmul.csv,operator_microbenchmark_matmul.csv
matmul_M256_N512_K4096_trans_aTrue_trans_bFalse_cuda_dtypetorch.bfloat16_bwd1_BACKWARD,matmul,107.334795,140.309088,30.72097263520185,True,95745.0,95745.0,0.0,False,operator_microbenchmark_matmul.csv,operator_microbenchmark_matmul.csv
matmul_M256_N512_K512_trans_aFalse_trans_bTrue_cuda_dtypetorch.float16_bwdall_BACKWARD,matmul,122.722597,160.300199,30.61995338967607,True,68353.0,68353.0,0.0,False,operator_microbenchmark_matmul.csv,operator_microbenchmark_matmul.csv
bmm_B8_M1024_N1024_K64_cuda_dtypetorch.float16_bwd2_BACKWARD,bmm,94.682025,123.358383,30.28701382337356,True,172033.0,172033.0,0.0,False,operator_microbenchmark_bmm.csv,operator_microbenchmark_bmm.csv
matmul_M256_N512_K512_trans_aFalse_trans_bFalse_cuda_dtypetorch.float32_bwd1_BACKWARD,matmul,97.89951,127.164357,29.89274103619108,True,75777.0,75777.0,0.0,False,operator_microbenchmark_matmul.csv,operator_microbenchmark_matmul.csv
matmul_M256_N4096_K512_trans_aTrue_trans_bFalse_cuda_dtypetorch.float16_bwd2_BACKWARD,matmul,112.479318,145.7507,29.57999976493455,True,102913.0,102913.0,0.0,False,operator_microbenchmark_matmul.csv,operator_microbenchmark_matmul.csv
addmm_M256_N4096_K4096_cuda_dtypetorch.bfloat16_bwd2_BACKWARD,addmm,123.405035,159.887704,29.563355336352377,True,288769.0,288769.0,0.0,False,operator_microbenchmark_add.csv,operator_microbenchmark_add.csv
mm_M256_N4096_K4096_cuda_dtypetorch.bfloat16_bwd1_BACKWARD,mm,104.645191,135.292006,29.286405526270187,True,278529.0,278529.0,0.0,False,operator_microbenchmark_mm.csv,operator_microbenchmark_mm.csv
addmm_M256_N4096_K512_cuda_dtypetorch.float32_bwd3_BACKWARD,addmm,129.100094,166.777075,29.184317247669846,True,142849.0,142849.0,0.0,False,operator_microbenchmark_add.csv,operator_microbenchmark_add.csv
matmul_M3000_N4096_K512_trans_aTrue_trans_bTrue_cuda_dtypetorch.float16_bwd2_BACKWARD,matmul,98.036404,126.594002,29.12958537320483,True,240113.0,240113.0,0.0,False,operator_microbenchmark_matmul.csv,operator_microbenchmark_matmul.csv
addbmm_B32_M1024_N256_K128_cuda_dtypetorch.bfloat16_bwdall_BACKWARD,addbmm,104.299011,134.20502,28.67333900222697,True,130561.0,130561.0,0.0,False,operator_microbenchmark_add.csv,operator_microbenchmark_add.csv
matmul_M256_N512_K512_trans_aTrue_trans_bTrue_cuda_dtypetorch.float16_bwd2_BACKWARD,matmul,100.034662,128.395406,28.350917005147686,True,70657.0,70657.0,0.0,False,operator_microbenchmark_matmul.csv,operator_microbenchmark_matmul.csv
matmul_M256_N4096_K512_trans_aFalse_trans_bFalse_cuda_dtypetorch.float32_bwdall_BACKWARD,matmul,99.251698,127.303124,28.26291798050648,True,121857.0,121857.0,0.0,False,operator_microbenchmark_matmul.csv,operator_microbenchmark_matmul.csv
baddbmm_B32_M256_N1024_K64_cuda_dtypetorch.float16_bwd3_BACKWARD,baddbmm,101.975826,130.561301,28.03161898389525,True,195585.0,195585.0,0.0,False,operator_microbenchmark_bmm.csv,operator_microbenchmark_bmm.csv
baddbmm_B8_M256_N1024_K64_cuda_dtypetorch.float16_bwd2_BACKWARD,baddbmm,89.068661,114.004723,27.996448717242973,True,98049.0,98049.0,0.0,False,operator_microbenchmark_bmm.csv,operator_microbenchmark_bmm.csv
addbmm_B32_M256_N256_K64_cuda_dtypetorch.float16_bwd1_BACKWARD,addbmm,105.183088,134.405013,27.78196148795327,True,78721.0,78721.0,0.0,False,operator_microbenchmark_add.csv,operator_microbenchmark_add.csv
baddbmm_B8_M256_N256_K64_cuda_dtypetorch.float32_bwd1_BACKWARD,baddbmm,103.204243,130.914799,26.850210024795185,True,84481.0,84481.0,0.0,False,operator_microbenchmark_bmm.csv,operator_microbenchmark_bmm.csv
matmul_M256_N512_K4096_trans_aTrue_trans_bFalse_cuda_dtypetorch.float16_bwd1_BACKWARD,matmul,117.503565,148.954332,26.765798127061082,True,95745.0,95745.0,0.0,False,operator_microbenchmark_matmul.csv,operator_microbenchmark_matmul.csv
matmul_M256_N4096_K512_trans_aTrue_trans_bFalse_cuda_dtypetorch.float32_bwd1_BACKWARD,matmul,109.554563,138.847979,26.738654418255503,True,140289.0,140289.0,0.0,False,operator_microbenchmark_matmul.csv,operator_microbenchmark_matmul.csv
matmul_M256_N4096_K512_trans_aTrue_trans_bFalse_cuda_dtypetorch.float32_bwd2_BACKWARD,matmul,113.097086,142.712423,26.18576485693008,True,140289.0,140289.0,0.0,False,operator_microbenchmark_matmul.csv,operator_microbenchmark_matmul.csv
addmm_M1024_N512_K512_cuda_dtypetorch.bfloat16_bwd2_BACKWARD,addmm,115.548447,145.663214,26.06245932496178,True,81921.0,81921.0,0.0,False,operator_microbenchmark_add.csv,operator_microbenchmark_add.csv
matmul_M256_N512_K4096_trans_aTrue_trans_bFalse_cuda_dtypetorch.float32_bwd1_BACKWARD,matmul,110.507696,139.263595,26.021625679355413,True,125953.0,125953.0,0.0,False,operator_microbenchmark_matmul.csv,operator_microbenchmark_matmul.csv
matmul_M256_N4096_K4096_trans_aFalse_trans_bTrue_cuda_dtypetorch.float16_bwdall_BACKWARD,matmul,115.006382,144.429018,25.583481097596838,True,210945.0,210945.0,0.0,False,operator_microbenchmark_matmul.csv,operator_microbenchmark_matmul.csv
matmul_M256_N512_K512_trans_aFalse_trans_bTrue_cuda_dtypetorch.bfloat16_bwd1_BACKWARD,matmul,112.4458,141.20518,25.57621538554575,True,70657.0,70657.0,0.0,False,operator_microbenchmark_matmul.csv,operator_microbenchmark_matmul.csv
matmul_M256_N512_K4096_trans_aFalse_trans_bFalse_cuda_dtypetorch.float16_bwd1_BACKWARD,matmul,117.834966,147.968726,25.572850761462444,True,95745.0,95745.0,0.0,False,operator_microbenchmark_matmul.csv,operator_microbenchmark_matmul.csv
addmm_M256_N4096_K4096_cuda_dtypetorch.bfloat16_bwdall_BACKWARD,addmm,128.436635,161.212441,25.519047583269383,True,288769.0,288769.0,0.0,False,operator_microbenchmark_add.csv,operator_microbenchmark_add.csv
matmul_M1024_N512_K4096_trans_aFalse_trans_bFalse_cuda_dtypetorch.float16_bwd1_BACKWARD,matmul,90.896047,113.725953,25.116500390825585,True,112641.0,112641.0,0.0,False,operator_microbenchmark_matmul.csv,operator_microbenchmark_matmul.csv
matmul_M256_N512_K4096_trans_aFalse_trans_bFalse_cuda_dtypetorch.float16_bwd2_BACKWARD,matmul,121.195989,151.582219,25.071976598169442,True,95745.0,95745.0,0.0,False,operator_microbenchmark_matmul.csv,operator_microbenchmark_matmul.csv
baddbmm_B32_M1024_N256_K128_cuda_dtypetorch.float16_bwd2_BACKWARD,baddbmm,102.561052,127.844818,24.652405086484485,True,233473.0,233473.0,0.0,False,operator_microbenchmark_bmm.csv,operator_microbenchmark_bmm.csv
baddbmm_B32_M256_N1024_K128_cuda_dtypetorch.bfloat16_bwd2_BACKWARD,baddbmm,104.475491,130.107059,24.533570270562294,True,227329.0,227329.0,0.0,False,operator_microbenchmark_bmm.csv,operator_microbenchmark_bmm.csv
baddbmm_B8_M256_N256_K64_cuda_dtypetorch.bfloat16_bwdall_BACKWARD,baddbmm,109.180176,135.740214,24.326795369884735,True,79617.0,79617.0,0.0,False,operator_microbenchmark_bmm.csv,operator_microbenchmark_bmm.csv
matmul_M256_N4096_K4096_trans_aFalse_trans_bTrue_cuda_dtypetorch.bfloat16_bwd2_BACKWARD,matmul,111.961864,139.114097,24.251322753969138,True,278529.0,278529.0,0.0,False,operator_microbenchmark_matmul.csv,operator_microbenchmark_matmul.csv
matmul_M3000_N4096_K512_trans_aTrue_trans_bTrue_cuda_dtypetorch.bfloat16_bwd1_BACKWARD,matmul,100.044131,124.304189,24.249356516475718,True,240113.0,240113.0,0.0,False,operator_microbenchmark_matmul.csv,operator_microbenchmark_matmul.csv
baddbmm_B32_M256_N1024_K128_cuda_dtypetorch.bfloat16_bwdall_BACKWARD,baddbmm,101.781511,126.412892,24.200250868745705,True,307201.0,307201.0,0.0,False,operator_microbenchmark_bmm.csv,operator_microbenchmark_bmm.csv
matmul_M256_N512_K4096_trans_aTrue_trans_bTrue_cuda_dtypetorch.bfloat16_bwd2_BACKWARD,matmul,109.705351,135.756601,23.74656273603281,True,95745.0,95745.0,0.0,False,operator_microbenchmark_matmul.csv,operator_microbenchmark_matmul.csv
addmm_M256_N512_K512_cuda_dtypetorch.float16_bwd3_BACKWARD,addmm,112.294949,138.591304,23.417219771834976,True,71937.0,71937.0,0.0,False,operator_microbenchmark_add.csv,operator_microbenchmark_add.csv
matmul_M256_N512_K512_trans_aTrue_trans_bFalse_cuda_dtypetorch.float16_bwdall_BACKWARD,matmul,103.579213,127.788285,23.372519735209814,True,72961.0,72961.0,0.0,False,operator_microbenchmark_matmul.csv,operator_microbenchmark_matmul.csv
baddbmm_B8_M256_N256_K64_cuda_dtypetorch.bfloat16_bwd1_BACKWARD,baddbmm,107.988103,133.203484,23.350147191677227,True,75009.0,75009.0,0.0,False,operator_microbenchmark_bmm.csv,operator_microbenchmark_bmm.csv
mm_M3000_N512_K512_cuda_dtypetorch.bfloat16_bwd1_BACKWARD,mm,105.449065,129.942718,23.227947066197324,True,92609.0,92609.0,0.0,False,operator_microbenchmark_mm.csv,operator_microbenchmark_mm.csv
addmm_M256_N4096_K4096_cuda_dtypetorch.float16_bwd3_BACKWARD,addmm,133.13484,164.050026,23.22095854097996,True,288769.0,288769.0,0.0,False,operator_microbenchmark_add.csv,operator_microbenchmark_add.csv
matmul_M1024_N512_K512_trans_aFalse_trans_bTrue_cuda_dtypetorch.float32_bwd2_BACKWARD,matmul,103.393613,127.314957,23.13619120747817,True,88065.0,88065.0,0.0,False,operator_microbenchmark_matmul.csv,operator_microbenchmark_matmul.csv
baddbmm_B32_M1024_N256_K128_cuda_dtypetorch.float16_bwd1_BACKWARD,baddbmm,107.917152,132.33948,22.630626871991588,True,233473.0,233473.0,0.0,False,operator_microbenchmark_bmm.csv,operator_microbenchmark_bmm.csv
matmul_M256_N512_K512_trans_aFalse_trans_bTrue_cuda_dtypetorch.float16_bwd1_BACKWARD,matmul,116.750647,143.003652,22.486389304549196,True,70657.0,70657.0,0.0,False,operator_microbenchmark_matmul.csv,operator_microbenchmark_matmul.csv
matmul_M1024_N512_K512_trans_aTrue_trans_bFalse_cuda_dtypetorch.bfloat16_bwd1_BACKWARD,matmul,98.183742,120.054961,22.275805092048753,True,76801.0,76801.0,0.0,False,operator_microbenchmark_matmul.csv,operator_microbenchmark_matmul.csv
bmm_B8_M1024_N256_K64_cuda_dtypetorch.bfloat16_bwdall_BACKWARD,bmm,101.428042,123.598235,21.858050853431635,True,106753.0,106753.0,0.0,False,operator_microbenchmark_bmm.csv,operator_microbenchmark_bmm.csv
matmul_M256_N512_K512_trans_aTrue_trans_bTrue_cuda_dtypetorch.bfloat16_bwd1_BACKWARD,matmul,115.067392,140.204825,21.845835351860586,True,70657.0,70657.0,0.0,False,operator_microbenchmark_matmul.csv,operator_microbenchmark_matmul.csv
matmul_M1024_N4096_K512_trans_aTrue_trans_bTrue_cuda_dtypetorch.float16_bwdall_BACKWARD,matmul,102.757059,125.126839,21.769579839765566,True,178177.0,178177.0,0.0,False,operator_microbenchmark_matmul.csv,operator_microbenchmark_matmul.csv
baddbmm_B8_M256_N256_K128_cuda_dtypetorch.float32_bwd2_BACKWARD,baddbmm,107.167625,130.018242,21.32231352519008,True,91137.0,91137.0,0.0,False,operator_microbenchmark_bmm.csv,operator_microbenchmark_bmm.csv
mm_M256_N4096_K4096_cuda_dtypetorch.float16_bwd2_BACKWARD,mm,108.277766,131.333385,21.29303166450626,True,278529.0,278529.0,0.0,False,operator_microbenchmark_mm.csv,operator_microbenchmark_mm.csv
baddbmm_B32_M256_N1024_K64_cuda_dtypetorch.bfloat16_bwdall_BACKWARD,baddbmm,106.076311,128.594483,21.228275934294125,True,260097.0,260097.0,0.0,False,operator_microbenchmark_bmm.csv,operator_microbenchmark_bmm.csv
matmul_M256_N512_K4096_trans_aTrue_trans_bFalse_cuda_dtypetorch.bfloat16_bwdall_BACKWARD,matmul,108.212027,131.056273,21.110634957424832,True,95745.0,95745.0,0.0,False,operator_microbenchmark_matmul.csv,operator_microbenchmark_matmul.csv
matmul_M1024_N512_K4096_trans_aFalse_trans_bFalse_cuda_dtypetorch.float16_bwdall_BACKWARD,matmul,93.041298,112.43548,20.84470274694577,True,128001.0,128001.0,0.0,False,operator_microbenchmark_matmul.csv,operator_microbenchmark_matmul.csv
baddbmm_B8_M256_N256_K128_cuda_dtypetorch.bfloat16_bwd2_BACKWARD,baddbmm,108.94586,131.596151,20.79041002567697,True,78337.0,78337.0,0.0,False,operator_microbenchmark_bmm.csv,operator_microbenchmark_bmm.csv
addmm_M256_N4096_K4096_cuda_dtypetorch.bfloat16_bwd1_BACKWARD,addmm,130.638245,157.657899,20.682805406640277,True,288769.0,288769.0,0.0,False,operator_microbenchmark_add.csv,operator_microbenchmark_add.csv
bmm_B8_M256_N1024_K128_cuda_dtypetorch.float16_bwd1_BACKWARD,bmm,104.009649,125.466503,20.629676387043673,True,103425.0,103425.0,0.0,False,operator_microbenchmark_bmm.csv,operator_microbenchmark_bmm.csv
matmul_M1024_N512_K512_trans_aFalse_trans_bFalse_cuda_dtypetorch.float32_bwd1_BACKWARD,matmul,103.011565,124.26121,20.628407111376283,True,88065.0,88065.0,0.0,False,operator_microbenchmark_matmul.csv,operator_microbenchmark_matmul.csv
matmul_M256_N512_K4096_trans_aFalse_trans_bTrue_cuda_dtypetorch.float32_bwd1_BACKWARD,matmul,125.764685,151.624163,20.561796024058747,True,125953.0,125953.0,0.0,False,operator_microbenchmark_matmul.csv,operator_microbenchmark_matmul.csv
bmm_B8_M256_N256_K64_cuda_dtypetorch.float16_bwd1_BACKWARD,bmm,87.584884,105.556382,20.518949365737583,True,73729.0,73729.0,0.0,False,operator_microbenchmark_bmm.csv,operator_microbenchmark_bmm.csv
matmul_M1024_N512_K4096_trans_aFalse_trans_bTrue_cuda_dtypetorch.float16_bwd1_BACKWARD,matmul,95.041249,114.531436,20.507082140723977,True,112641.0,112641.0,0.0,False,operator_microbenchmark_matmul.csv,operator_microbenchmark_matmul.csv
matmul_M256_N4096_K512_trans_aFalse_trans_bTrue_cuda_dtypetorch.bfloat16_bwd2_BACKWARD,matmul,93.2997,112.383737,20.45455344443765,True,102913.0,102913.0,0.0,False,operator_microbenchmark_matmul.csv,operator_microbenchmark_matmul.csv
matmul_M256_N512_K4096_trans_aTrue_trans_bTrue_cuda_dtypetorch.float32_bwd2_BACKWARD,matmul,123.650261,148.776033,20.320031512104947,True,125953.0,125953.0,0.0,False,operator_microbenchmark_matmul.csv,operator_microbenchmark_matmul.csv
baddbmm_B8_M256_N256_K64_cuda_dtypetorch.bfloat16_bwd2_BACKWARD,baddbmm,108.119454,129.944492,20.186041635023415,True,75009.0,75009.0,0.0,False,operator_microbenchmark_bmm.csv,operator_microbenchmark_bmm.csv
baddbmm_B32_M256_N1024_K128_cuda_dtypetorch.bfloat16_bwd3_BACKWARD,baddbmm,108.851589,130.639083,20.015779466480726,True,227329.0,227329.0,0.0,False,operator_microbenchmark_bmm.csv,operator_microbenchmark_bmm.csv
matmul_M1024_N512_K512_trans_aTrue_trans_bFalse_cuda_dtypetorch.bfloat16_bwdall_BACKWARD,matmul,97.815937,117.388961,20.010056234496826,True,76801.0,76801.0,0.0,False,operator_microbenchmark_matmul.csv,operator_microbenchmark_matmul.csv
addbmm_B32_M256_N256_K128_cuda_dtypetorch.float16_bwd2_BACKWARD,addbmm,115.478557,138.535747,19.966641945482564,True,91009.0,91009.0,0.0,False,operator_microbenchmark_add.csv,operator_microbenchmark_add.csv
matmul_M256_N512_K512_trans_aTrue_trans_bTrue_cuda_dtypetorch.bfloat16_bwdall_BACKWARD,matmul,115.832096,138.898697,19.913825093866894,True,70657.0,70657.0,0.0,False,operator_microbenchmark_matmul.csv,operator_microbenchmark_matmul.csv
matmul_M256_N512_K512_trans_aTrue_trans_bFalse_cuda_dtypetorch.float16_bwd2_BACKWARD,matmul,101.677726,121.541868,19.536375154574152,True,70657.0,70657.0,0.0,False,operator_microbenchmark_matmul.csv,operator_microbenchmark_matmul.csv
bmm_B32_M256_N1024_K64_cuda_dtypetorch.float16_bwdall_BACKWARD,bmm,90.263778,107.816994,19.446578006074585,True,190465.0,190465.0,0.0,False,operator_microbenchmark_bmm.csv,operator_microbenchmark_bmm.csv
mm_M3000_N4096_K512_cuda_dtypetorch.float16_bwd2_BACKWARD,mm,100.969621,120.536288,19.378766411334748,True,241265.0,241265.0,0.0,False,operator_microbenchmark_mm.csv,operator_microbenchmark_mm.csv
matmul_M1024_N512_K4096_trans_aTrue_trans_bTrue_cuda_dtypetorch.float16_bwdall_BACKWARD,matmul,98.308881,117.19215,19.208100842893327,True,128001.0,128001.0,0.0,False,operator_microbenchmark_matmul.csv,operator_microbenchmark_matmul.csv
mm_M3000_N4096_K512_cuda_dtypetorch.bfloat16_bwd1_BACKWARD,mm,105.362785,125.480482,19.093740735877464,True,241321.0,241321.0,0.0,False,operator_microbenchmark_mm.csv,operator_microbenchmark_mm.csv
baddbmm_B32_M1024_N256_K128_cuda_dtypetorch.bfloat16_bwd1_BACKWARD,baddbmm,107.671287,127.986166,18.86749900184623,True,233473.0,233473.0,0.0,False,operator_microbenchmark_bmm.csv,operator_microbenchmark_bmm.csv
addmm_M3000_N512_K4096_cuda_dtypetorch.float16_bwdall_BACKWARD,addmm,100.004726,118.718803,18.713192614517027,True,221897.0,222185.0,0.12978994758829548,False,operator_microbenchmark_add.csv,operator_microbenchmark_add.csv
baddbmm_B32_M256_N256_K128_cuda_dtypetorch.float16_bwd3_BACKWARD,baddbmm,108.321476,128.423418,18.55766994903208,True,116737.0,116737.0,0.0,False,operator_microbenchmark_bmm.csv,operator_microbenchmark_bmm.csv
baddbmm_B8_M256_N256_K128_cuda_dtypetorch.bfloat16_bwd1_BACKWARD,baddbmm,108.192713,128.235418,18.52500454443731,True,78337.0,78337.0,0.0,False,operator_microbenchmark_bmm.csv,operator_microbenchmark_bmm.csv
bmm_B32_M1024_N256_K128_cuda_dtypetorch.bfloat16_bwd2_BACKWARD,bmm,100.59927,119.101984,18.392493305368912,True,192513.0,192513.0,0.0,False,operator_microbenchmark_bmm.csv,operator_microbenchmark_bmm.csv
matmul_M256_N4096_K4096_trans_aFalse_trans_bTrue_cuda_dtypetorch.float16_bwd1_BACKWARD,matmul,118.700578,140.426333,18.30299006631628,True,278529.0,278529.0,0.0,False,operator_microbenchmark_matmul.csv,operator_microbenchmark_matmul.csv
mm_M1024_N4096_K512_cuda_dtypetorch.bfloat16_bwdall_BACKWARD,mm,107.237399,126.834813,18.274794225473524,True,141313.0,141313.0,0.0,False,operator_microbenchmark_mm.csv,operator_microbenchmark_mm.csv
matmul_M256_N512_K4096_trans_aTrue_trans_bFalse_cuda_dtypetorch.float32_bwdall_BACKWARD,matmul,122.573667,144.773686,18.11157285520388,True,112897.0,112897.0,0.0,False,operator_microbenchmark_matmul.csv,operator_microbenchmark_matmul.csv
addbmm_B32_M256_N1024_K128_cuda_dtypetorch.bfloat16_bwdall_BACKWARD,addbmm,117.693077,139.002018,18.105517795239553,True,130561.0,130561.0,0.0,False,operator_microbenchmark_add.csv,operator_microbenchmark_add.csv
baddbmm_B8_M256_N256_K128_cuda_dtypetorch.float16_bwd2_BACKWARD,baddbmm,111.11616,131.16332,18.041624188596874,True,78337.0,78337.0,0.0,False,operator_microbenchmark_bmm.csv,operator_microbenchmark_bmm.csv
matmul_M1024_N512_K4096_trans_aTrue_trans_bFalse_cuda_dtypetorch.float16_bwd2_BACKWARD,matmul,99.596236,117.454359,17.93051998471106,True,112641.0,112641.0,0.0,False,operator_microbenchmark_matmul.csv,operator_microbenchmark_matmul.csv
matmul_M256_N4096_K4096_trans_aFalse_trans_bTrue_cuda_dtypetorch.bfloat16_bwd1_BACKWARD,matmul,123.475789,145.591274,17.910786542939192,True,278529.0,278529.0,0.0,False,operator_microbenchmark_matmul.csv,operator_microbenchmark_matmul.csv
matmul_M1024_N512_K512_trans_aTrue_trans_bTrue_cuda_dtypetorch.float32_bwd1_BACKWARD,matmul,108.936458,128.422191,17.887246710371286,True,88065.0,88065.0,0.0,False,operator_microbenchmark_matmul.csv,operator_microbenchmark_matmul.csv
matmul_M3000_N4096_K512_trans_aTrue_trans_bFalse_cuda_dtypetorch.float16_bwd1_BACKWARD,matmul,103.605496,122.099573,17.850478704334378,True,240113.0,240113.0,0.0,False,operator_microbenchmark_matmul.csv,operator_microbenchmark_matmul.csv
matmul_M1024_N512_K512_trans_aFalse_trans_bFalse_cuda_dtypetorch.bfloat16_bwd2_BACKWARD,matmul,101.654929,119.770823,17.820969605910598,True,76801.0,76801.0,0.0,False,operator_microbenchmark_matmul.csv,operator_microbenchmark_matmul.csv
matmul_M1024_N4096_K512_trans_aFalse_trans_bFalse_cuda_dtypetorch.bfloat16_bwd1_BACKWARD,matmul,97.71515,115.065776,17.75633154121956,True,141313.0,141313.0,0.0,False,operator_microbenchmark_matmul.csv,operator_microbenchmark_matmul.csv
addbmm_B32_M256_N256_K64_cuda_dtypetorch.float16_bwd2_BACKWARD,addbmm,114.594799,134.910708,17.728473872535876,True,78721.0,78721.0,0.0,False,operator_microbenchmark_add.csv,operator_microbenchmark_add.csv
baddbmm_B32_M1024_N256_K64_cuda_dtypetorch.float16_bwd2_BACKWARD,baddbmm,109.189162,128.48385,17.67088202398695,True,198657.0,198657.0,0.0,False,operator_microbenchmark_bmm.csv,operator_microbenchmark_bmm.csv
baddbmm_B32_M1024_N256_K64_cuda_dtypetorch.float16_bwd3_BACKWARD,baddbmm,110.501857,129.982714,17.62943857133549,True,198657.0,198657.0,0.0,False,operator_microbenchmark_bmm.csv,operator_microbenchmark_bmm.csv
matmul_M1024_N512_K512_trans_aFalse_trans_bFalse_cuda_dtypetorch.float32_bwd2_BACKWARD,matmul,110.683558,130.18942,17.623089058991045,True,88065.0,88065.0,0.0,False,operator_microbenchmark_matmul.csv,operator_microbenchmark_matmul.csv
baddbmm_B32_M1024_N256_K128_cuda_dtypetorch.bfloat16_bwd2_BACKWARD,baddbmm,105.925974,124.582757,17.613038894501933,True,233473.0,233473.0,0.0,False,operator_microbenchmark_bmm.csv,operator_microbenchmark_bmm.csv
addmm_M256_N4096_K512_cuda_dtypetorch.float32_bwd2_BACKWARD,addmm,133.545345,157.039375,17.59254880804719,True,142849.0,142849.0,0.0,False,operator_microbenchmark_add.csv,operator_microbenchmark_add.csv
mm_M256_N512_K4096_cuda_dtypetorch.float32_bwd1_BACKWARD,mm,108.961382,128.034895,17.504837631372926,True,125953.0,125953.0,0.0,False,operator_microbenchmark_mm.csv,operator_microbenchmark_mm.csv
mm_M256_N4096_K4096_cuda_dtypetorch.bfloat16_bwd2_BACKWARD,mm,106.667014,125.335505,17.501653322741372,True,278529.0,278529.0,0.0,False,operator_microbenchmark_mm.csv,operator_microbenchmark_mm.csv
baddbmm_B32_M1024_N256_K128_cuda_dtypetorch.bfloat16_bwdall_BACKWARD,baddbmm,106.777316,125.448903,17.486473437860155,True,313345.0,313345.0,0.0,False,operator_microbenchmark_bmm.csv,operator_microbenchmark_bmm.csv
matmul_M256_N4096_K4096_trans_aFalse_trans_bTrue_cuda_dtypetorch.float16_bwd2_BACKWARD,matmul,116.495551,136.818419,17.4451880999301,True,278529.0,278529.0,0.0,False,operator_microbenchmark_matmul.csv,operator_microbenchmark_matmul.csv
mm_M256_N512_K4096_cuda_dtypetorch.float32_bwd2_BACKWARD,mm,105.730201,124.127319,17.40005961021488,True,125953.0,125953.0,0.0,False,operator_microbenchmark_mm.csv,operator_microbenchmark_mm.csv
addbmm_B32_M256_N256_K64_cuda_dtypetorch.float32_bwd2_BACKWARD,addbmm,111.923338,131.363194,17.368902989651712,True,91905.0,91905.0,0.0,False,operator_microbenchmark_add.csv,operator_microbenchmark_add.csv
addbmm_B32_M256_N256_K64_cuda_dtypetorch.float32_bwdall_BACKWARD,addbmm,116.601219,136.808436,17.330193606294976,True,85377.0,85377.0,0.0,False,operator_microbenchmark_add.csv,operator_microbenchmark_add.csv
baddbmm_B8_M1024_N1024_K128_cuda_dtypetorch.bfloat16_bwd1_BACKWARD,baddbmm,102.655538,120.445654,17.329913560045824,True,190465.0,190465.0,0.0,False,operator_microbenchmark_bmm.csv,operator_microbenchmark_bmm.csv
matmul_M256_N512_K512_trans_aTrue_trans_bTrue_cuda_dtypetorch.float16_bwdall_BACKWARD,matmul,104.675547,122.704909,17.22404373965202,True,72961.0,72961.0,0.0,False,operator_microbenchmark_matmul.csv,operator_microbenchmark_matmul.csv
baddbmm_B32_M256_N1024_K64_cuda_dtypetorch.bfloat16_bwd1_BACKWARD,baddbmm,107.9158,126.49452,17.21594057589342,True,195585.0,195585.0,0.0,False,operator_microbenchmark_bmm.csv,operator_microbenchmark_bmm.csv
matmul_M1024_N512_K4096_trans_aTrue_trans_bTrue_cuda_dtypetorch.bfloat16_bwdall_BACKWARD,matmul,101.929632,119.343683,17.084385235492658,True,112641.0,112641.0,0.0,False,operator_microbenchmark_matmul.csv,operator_microbenchmark_matmul.csv
baddbmm_B8_M256_N1024_K128_cuda_dtypetorch.float16_bwd2_BACKWARD,baddbmm,112.545185,131.648771,16.97414776118588,True,105985.0,105985.0,0.0,False,operator_microbenchmark_bmm.csv,operator_microbenchmark_bmm.csv
mm_M256_N4096_K512_cuda_dtypetorch.float16_bwd2_BACKWARD,mm,96.420393,112.706163,16.890379196027546,True,102913.0,102913.0,0.0,False,operator_microbenchmark_mm.csv,operator_microbenchmark_mm.csv
baddbmm_B8_M256_N256_K128_cuda_dtypetorch.float32_bwd3_BACKWARD,baddbmm,108.32913,126.601482,16.86744091824609,True,91137.0,91137.0,0.0,False,operator_microbenchmark_bmm.csv,operator_microbenchmark_bmm.csv
baddbmm_B8_M256_N256_K128_cuda_dtypetorch.float32_bwdall_BACKWARD,baddbmm,114.240772,133.453036,16.817344336573626,True,83457.0,83457.0,0.0,False,operator_microbenchmark_bmm.csv,operator_microbenchmark_bmm.csv
matmul_M1024_N4096_K512_trans_aTrue_trans_bTrue_cuda_dtypetorch.bfloat16_bwdall_BACKWARD,matmul,106.230492,124.032222,16.75764619446553,True,141313.0,141313.0,0.0,False,operator_microbenchmark_matmul.csv,operator_microbenchmark_matmul.csv
baddbmm_B32_M1024_N256_K64_cuda_dtypetorch.float16_bwd1_BACKWARD,baddbmm,111.153746,129.733364,16.715242327505543,True,198657.0,198657.0,0.0,False,operator_microbenchmark_bmm.csv,operator_microbenchmark_bmm.csv
mm_M1024_N512_K4096_cuda_dtypetorch.bfloat16_bwd2_BACKWARD,mm,104.002308,121.381714,16.710596460993926,True,112641.0,112641.0,0.0,False,operator_microbenchmark_mm.csv,operator_microbenchmark_mm.csv
baddbmm_B8_M1024_N256_K128_cuda_dtypetorch.float32_bwd3_BACKWARD,baddbmm,112.582366,131.368111,16.686223311384314,True,149505.0,149505.0,0.0,False,operator_microbenchmark_bmm.csv,operator_microbenchmark_bmm.csv
addbmm_B32_M256_N256_K64_cuda_dtypetorch.bfloat16_bwd3_BACKWARD,addbmm,113.253504,132.148977,16.684228154212335,True,78721.0,78721.0,0.0,False,operator_microbenchmark_add.csv,operator_microbenchmark_add.csv
bmm_B8_M1024_N256_K64_cuda_dtypetorch.float16_bwdall_BACKWARD,bmm,106.081335,123.730614,16.63749706769811,True,93697.0,93697.0,0.0,False,operator_microbenchmark_bmm.csv,operator_microbenchmark_bmm.csv
addbmm_B32_M1024_N1024_K128_cuda_dtypetorch.float16_bwd2_BACKWARD,addbmm,117.976645,137.465159,16.5189593245341,True,178177.0,178177.0,0.0,False,operator_microbenchmark_add.csv,operator_microbenchmark_add.csv
baddbmm_B32_M256_N1024_K128_cuda_dtypetorch.float16_bwdall_BACKWARD,baddbmm,108.019323,125.769151,16.432085951881028,True,227329.0,227329.0,0.0,False,operator_microbenchmark_bmm.csv,operator_microbenchmark_bmm.csv
baddbmm_B8_M256_N256_K64_cuda_dtypetorch.float32_bwd3_BACKWARD,baddbmm,114.1291,132.737235,16.30446135122419,True,84481.0,84481.0,0.0,False,operator_microbenchmark_bmm.csv,operator_microbenchmark_bmm.csv
addmm_M256_N4096_K4096_cuda_dtypetorch.float16_bwd2_BACKWARD,addmm,139.495512,162.237068,16.302715172657315,True,288769.0,288769.0,0.0,False,operator_microbenchmark_add.csv,operator_microbenchmark_add.csv
mm_M3000_N512_K512_cuda_dtypetorch.float32_bwd1_BACKWARD,mm,122.885134,142.732883,16.151464667809204,True,119681.0,119681.0,0.0,False,operator_microbenchmark_mm.csv,operator_microbenchmark_mm.csv
baddbmm_B32_M256_N1024_K128_cuda_dtypetorch.bfloat16_bwd1_BACKWARD,baddbmm,109.731918,127.308338,16.017600275609887,True,227329.0,227329.0,0.0,False,operator_microbenchmark_bmm.csv,operator_microbenchmark_bmm.csv
matmul_M256_N512_K4096_trans_aFalse_trans_bFalse_cuda_dtypetorch.float32_bwd1_BACKWARD,matmul,129.186867,149.683906,15.866194045870003,True,125953.0,125953.0,0.0,False,operator_microbenchmark_matmul.csv,operator_microbenchmark_matmul.csv
addbmm_B32_M256_N256_K64_cuda_dtypetorch.bfloat16_bwd2_BACKWARD,addbmm,114.057394,132.052908,15.777595269272943,True,78721.0,78721.0,0.0,False,operator_microbenchmark_add.csv,operator_microbenchmark_add.csv
matmul_M1024_N512_K512_trans_aFalse_trans_bFalse_cuda_dtypetorch.float16_bwd2_BACKWARD,matmul,99.719277,115.332837,15.657514243710363,True,76801.0,76801.0,0.0,False,operator_microbenchmark_matmul.csv,operator_microbenchmark_matmul.csv
bmm_B8_M256_N1024_K64_cuda_dtypetorch.float32_bwd2_BACKWARD,bmm,100.525958,116.093186,15.485779304883621,True,128001.0,128001.0,0.0,False,operator_microbenchmark_bmm.csv,operator_microbenchmark_bmm.csv
matmul_M3000_N512_K4096_trans_aTrue_trans_bFalse_cuda_dtypetorch.bfloat16_bwd1_BACKWARD,matmul,95.294397,110.037775,15.471400695258078,True,157265.0,157265.0,0.0,False,operator_microbenchmark_matmul.csv,operator_microbenchmark_matmul.csv
addmm_M256_N512_K4096_cuda_dtypetorch.bfloat16_bwd2_BACKWARD,addmm,114.480658,132.113711,15.402648192326069,True,105985.0,105985.0,0.0,False,operator_microbenchmark_add.csv,operator_microbenchmark_add.csv
matmul_M256_N4096_K512_trans_aFalse_trans_bTrue_cuda_dtypetorch.float16_bwd1_BACKWARD,matmul,115.319321,132.846414,15.198748005115299,True,102913.0,102913.0,0.0,False,operator_microbenchmark_matmul.csv,operator_microbenchmark_matmul.csv
baddbmm_B32_M256_N1024_K128_cuda_dtypetorch.float16_bwd1_BACKWARD,baddbmm,108.927017,125.469454,15.186716257914226,True,227329.0,227329.0,0.0,False,operator_microbenchmark_bmm.csv,operator_microbenchmark_bmm.csv
matmul_M256_N512_K512_trans_aFalse_trans_bTrue_cuda_dtypetorch.float32_bwd1_BACKWARD,matmul,111.592893,128.514454,15.163654732026705,True,75777.0,75777.0,0.0,False,operator_microbenchmark_matmul.csv,operator_microbenchmark_matmul.csv
addbmm_B32_M1024_N256_K128_cuda_dtypetorch.float16_bwd2_BACKWARD,addbmm,119.041706,137.011682,15.095529628918458,True,130561.0,130561.0,0.0,False,operator_microbenchmark_add.csv,operator_microbenchmark_add.csv
mm_M3000_N512_K512_cuda_dtypetorch.bfloat16_bwd2_BACKWARD,mm,106.886239,122.829917,14.916492664691841,True,92609.0,92609.0,0.0,False,operator_microbenchmark_mm.csv,operator_microbenchmark_mm.csv
mm_M3000_N512_K4096_cuda_dtypetorch.float16_bwdall_BACKWARD,mm,107.934126,123.979053,14.86548100644275,True,155897.0,155897.0,0.0,False,operator_microbenchmark_mm.csv,operator_microbenchmark_mm.csv
matmul_M256_N4096_K512_trans_aFalse_trans_bFalse_cuda_dtypetorch.float16_bwd2_BACKWARD,matmul,107.47552,123.436151,14.85048036985538,True,102913.0,102913.0,0.0,False,operator_microbenchmark_matmul.csv,operator_microbenchmark_matmul.csv
baddbmm_B32_M256_N1024_K64_cuda_dtypetorch.float16_bwdall_BACKWARD,baddbmm,109.12849,125.289761,14.809396702914151,True,195585.0,195585.0,0.0,False,operator_microbenchmark_bmm.csv,operator_microbenchmark_bmm.csv
bmm_B8_M1024_N1024_K64_cuda_dtypetorch.float16_bwd1_BACKWARD,bmm,109.779935,126.006777,14.781245771369791,True,172033.0,172033.0,0.0,False,operator_microbenchmark_bmm.csv,operator_microbenchmark_bmm.csv
mm_M256_N4096_K512_cuda_dtypetorch.bfloat16_bwdall_BACKWARD,mm,102.216451,117.322934,14.778915577884813,True,102913.0,102913.0,0.0,False,operator_microbenchmark_mm.csv,operator_microbenchmark_mm.csv
baddbmm_B32_M256_N256_K64_cuda_dtypetorch.bfloat16_bwd2_BACKWARD,baddbmm,108.352515,124.358232,14.771892465993988,True,103425.0,103425.0,0.0,False,operator_microbenchmark_bmm.csv,operator_microbenchmark_bmm.csv
mm_M3000_N4096_K512_cuda_dtypetorch.bfloat16_bwdall_BACKWARD,mm,107.859768,123.762112,14.743536255334796,True,241265.0,241265.0,0.0,False,operator_microbenchmark_mm.csv,operator_microbenchmark_mm.csv
matmul_M1024_N512_K512_trans_aTrue_trans_bFalse_cuda_dtypetorch.float32_bwd2_BACKWARD,matmul,108.448832,124.381933,14.691814292661084,True,88065.0,88065.0,0.0,False,operator_microbenchmark_matmul.csv,operator_microbenchmark_matmul.csv
addmm_M1024_N512_K4096_cuda_dtypetorch.bfloat16_bwd2_BACKWARD,addmm,113.42661,130.059663,14.664154205084683,True,153601.0,153601.0,0.0,False,operator_microbenchmark_add.csv,operator_microbenchmark_add.csv
matmul_M256_N512_K4096_trans_aFalse_trans_bFalse_cuda_dtypetorch.bfloat16_bwdall_BACKWARD,matmul,121.74674,139.47445,14.56113732490906,True,95745.0,95745.0,0.0,False,operator_microbenchmark_matmul.csv,operator_microbenchmark_matmul.csv
matmul_M3000_N512_K512_trans_aFalse_trans_bTrue_cuda_dtypetorch.bfloat16_bwd2_BACKWARD,matmul,93.391593,106.922374,14.488221653955517,True,92609.0,92609.0,0.0,False,operator_microbenchmark_matmul.csv,operator_microbenchmark_matmul.csv
matmul_M256_N512_K512_trans_aTrue_trans_bFalse_cuda_dtypetorch.float32_bwd2_BACKWARD,matmul,124.595765,142.576522,14.431274610336885,True,75777.0,75777.0,0.0,False,operator_microbenchmark_matmul.csv,operator_microbenchmark_matmul.csv
mm_M256_N4096_K512_cuda_dtypetorch.bfloat16_bwd2_BACKWARD,mm,106.488365,121.732561,14.315362997638289,True,102913.0,102913.0,0.0,False,operator_microbenchmark_mm.csv,operator_microbenchmark_mm.csv
baddbmm_B8_M256_N256_K128_cuda_dtypetorch.float16_bwdall_BACKWARD,baddbmm,116.263004,132.875841,14.28901407020243,True,78337.0,78337.0,0.0,False,operator_microbenchmark_bmm.csv,operator_microbenchmark_bmm.csv
matmul_M1024_N4096_K512_trans_aTrue_trans_bFalse_cuda_dtypetorch.bfloat16_bwd1_BACKWARD,matmul,105.329626,120.221159,14.138028934043682,True,141313.0,141313.0,0.0,False,operator_microbenchmark_matmul.csv,operator_microbenchmark_matmul.csv
matmul_M3000_N4096_K512_trans_aTrue_trans_bFalse_cuda_dtypetorch.float16_bwd2_BACKWARD,matmul,107.52273,122.514378,13.942770984330474,True,240689.0,240689.0,0.0,False,operator_microbenchmark_matmul.csv,operator_microbenchmark_matmul.csv
matmul_M256_N4096_K512_trans_aTrue_trans_bFalse_cuda_dtypetorch.bfloat16_bwd1_BACKWARD,matmul,116.255081,132.456401,13.93601024629624,True,102913.0,102913.0,0.0,False,operator_microbenchmark_matmul.csv,operator_microbenchmark_matmul.csv
addbmm_B32_M256_N256_K64_cuda_dtypetorch.bfloat16_bwdall_BACKWARD,addbmm,116.933503,133.204271,13.914547655345622,True,78721.0,78721.0,0.0,False,operator_microbenchmark_add.csv,operator_microbenchmark_add.csv
baddbmm_B8_M256_N1024_K64_cuda_dtypetorch.float32_bwd1_BACKWARD,baddbmm,115.813217,131.886208,13.878373657472979,True,130561.0,130561.0,0.0,False,operator_microbenchmark_bmm.csv,operator_microbenchmark_bmm.csv
matmul_M256_N512_K4096_trans_aFalse_trans_bTrue_cuda_dtypetorch.bfloat16_bwd2_BACKWARD,matmul,119.026419,135.455679,13.803036450252273,True,95745.0,95745.0,0.0,False,operator_microbenchmark_matmul.csv,operator_microbenchmark_matmul.csv
matmul_M256_N4096_K512_trans_aTrue_trans_bTrue_cuda_dtypetorch.float32_bwdall_BACKWARD,matmul,113.998156,129.730765,13.80075744383093,True,121857.0,121857.0,0.0,False,operator_microbenchmark_matmul.csv,operator_microbenchmark_matmul.csv
mm_M256_N512_K4096_cuda_dtypetorch.float16_bwd2_BACKWARD,mm,116.47419,132.400861,13.673991637117203,True,95745.0,95745.0,0.0,False,operator_microbenchmark_mm.csv,operator_microbenchmark_mm.csv
mm_M256_N512_K4096_cuda_dtypetorch.bfloat16_bwdall_BACKWARD,mm,112.158608,127.250366,13.455728694493068,True,95745.0,95745.0,0.0,False,operator_microbenchmark_mm.csv,operator_microbenchmark_mm.csv
addbmm_B32_M256_N256_K64_cuda_dtypetorch.float32_bwd3_BACKWARD,addbmm,109.047874,123.589726,13.335291616964495,True,91905.0,91905.0,0.0,False,operator_microbenchmark_add.csv,operator_microbenchmark_add.csv
addmm_M256_N4096_K512_cuda_dtypetorch.float32_bwd1_BACKWARD,addmm,125.032597,141.644781,13.286282456406148,True,142849.0,142849.0,0.0,False,operator_microbenchmark_add.csv,operator_microbenchmark_add.csv
baddbmm_B8_M256_N1024_K64_cuda_dtypetorch.float32_bwd3_BACKWARD,baddbmm,117.652575,133.258167,13.264131278044692,True,130561.0,130561.0,0.0,False,operator_microbenchmark_bmm.csv,operator_microbenchmark_bmm.csv
baddbmm_B32_M1024_N256_K128_cuda_dtypetorch.bfloat16_bwd3_BACKWARD,baddbmm,104.765237,118.561615,13.168851037868606,True,233473.0,233473.0,0.0,False,operator_microbenchmark_bmm.csv,operator_microbenchmark_bmm.csv
mm_M1024_N4096_K512_cuda_dtypetorch.float32_bwd2_BACKWARD,mm,181.851272,205.723639,13.127412713395811,True,217089.0,217089.0,0.0,False,operator_microbenchmark_mm.csv,operator_microbenchmark_mm.csv
addmm_M256_N512_K512_cuda_dtypetorch.float16_bwd2_BACKWARD,addmm,115.879251,131.00695,13.054708991862565,True,71937.0,71937.0,0.0,False,operator_microbenchmark_add.csv,operator_microbenchmark_add.csv
matmul_M256_N4096_K4096_trans_aTrue_trans_bFalse_cuda_dtypetorch.float16_bwd1_BACKWARD,matmul,103.908325,117.302068,12.889961415507372,True,278529.0,278529.0,0.0,False,operator_microbenchmark_matmul.csv,operator_microbenchmark_matmul.csv
matmul_M1024_N512_K512_trans_aTrue_trans_bTrue_cuda_dtypetorch.bfloat16_bwdall_BACKWARD,matmul,102.34481,115.475363,12.829720432330674,True,76801.0,76801.0,0.0,False,operator_microbenchmark_matmul.csv,operator_microbenchmark_matmul.csv
bmm_B32_M256_N256_K64_cuda_dtypetorch.bfloat16,bmm,8.946249,10.084781,12.726361629326433,True,39936.0,39936.0,0.0,False,operator_microbenchmark_bmm.csv,operator_microbenchmark_bmm.csv
baddbmm_B32_M256_N256_K128_cuda_dtypetorch.bfloat16_bwdall_BACKWARD,baddbmm,112.641367,126.945833,12.699123227082277,True,141313.0,141313.0,0.0,False,operator_microbenchmark_bmm.csv,operator_microbenchmark_bmm.csv
baddbmm_B32_M256_N256_K128_cuda_dtypetorch.float32_bwd1_BACKWARD,baddbmm,112.846812,126.991831,12.534708556941782,True,167937.0,167937.0,0.0,False,operator_microbenchmark_bmm.csv,operator_microbenchmark_bmm.csv
matmul_M256_N4096_K512_trans_aTrue_trans_bFalse_cuda_dtypetorch.bfloat16_bwdall_BACKWARD,matmul,115.690037,130.176364,12.521672026088126,True,102913.0,102913.0,0.0,False,operator_microbenchmark_matmul.csv,operator_microbenchmark_matmul.csv
matmul_M256_N512_K512_trans_aFalse_trans_bFalse_cuda_dtypetorch.float16_bwdall_BACKWARD,matmul,116.083416,130.587587,12.4946107719642,True,72961.0,72961.0,0.0,False,operator_microbenchmark_matmul.csv,operator_microbenchmark_matmul.csv
baddbmm_B32_M256_N256_K128_cuda_dtypetorch.float32_bwd2_BACKWARD,baddbmm,115.365461,129.621699,12.357457662306755,True,167937.0,167937.0,0.0,False,operator_microbenchmark_bmm.csv,operator_microbenchmark_bmm.csv
baddbmm_B32_M1024_N256_K64_cuda_dtypetorch.float16_bwdall_BACKWARD,baddbmm,110.836876,124.473296,12.303143585533753,True,198657.0,198657.0,0.0,False,operator_microbenchmark_bmm.csv,operator_microbenchmark_bmm.csv
matmul_M1024_N512_K512_trans_aTrue_trans_bFalse_cuda_dtypetorch.float32_bwdall_BACKWARD,matmul,116.014619,130.206438,12.232785076853112,True,83457.0,83457.0,0.0,False,operator_microbenchmark_matmul.csv,operator_microbenchmark_matmul.csv
addmm_M3000_N512_K512_cuda_dtypetorch.float16_bwd1_BACKWARD,addmm,100.327662,112.52344,12.155947579043543,True,107609.0,107609.0,0.0,False,operator_microbenchmark_add.csv,operator_microbenchmark_add.csv
addmm_M256_N512_K4096_cuda_dtypetorch.float16_bwd2_BACKWARD,addmm,117.062099,131.267718,12.135113859525104,True,105985.0,105985.0,0.0,False,operator_microbenchmark_add.csv,operator_microbenchmark_add.csv
matmul_M1024_N4096_K512_trans_aTrue_trans_bFalse_cuda_dtypetorch.float16_bwd2_BACKWARD,matmul,101.595228,113.916625,12.127928882643966,True,141313.0,141313.0,0.0,False,operator_microbenchmark_matmul.csv,operator_microbenchmark_matmul.csv
mm_M256_N4096_K512_cuda_dtypetorch.float32_bwd2_BACKWARD,mm,110.460732,123.833056,12.105952728975222,True,140289.0,140289.0,0.0,False,operator_microbenchmark_mm.csv,operator_microbenchmark_mm.csv
matmul_M256_N512_K512_trans_aFalse_trans_bFalse_cuda_dtypetorch.float16_bwd1_BACKWARD,matmul,110.654054,124.043137,12.099948005519979,True,70657.0,70657.0,0.0,False,operator_microbenchmark_matmul.csv,operator_microbenchmark_matmul.csv
mm_M1024_N4096_K512_cuda_dtypetorch.bfloat16_bwd2_BACKWARD,mm,111.068785,124.483232,12.077603081729935,True,141313.0,141313.0,0.0,False,operator_microbenchmark_mm.csv,operator_microbenchmark_mm.csv
addmm_M3000_N4096_K512_cuda_dtypetorch.float16_bwd1_BACKWARD,addmm,109.078947,122.133705,11.968173840182017,True,255745.0,256897.0,0.45044868912393204,False,operator_microbenchmark_add.csv,operator_microbenchmark_add.csv
addbmm_B32_M1024_N1024_K128_cuda_dtypetorch.bfloat16_bwdall_BACKWARD,addbmm,113.075066,126.524157,11.89394928144459,True,178177.0,178177.0,0.0,False,operator_microbenchmark_add.csv,operator_microbenchmark_add.csv
mm_M1024_N4096_K512_cuda_dtypetorch.bfloat16_bwd1_BACKWARD,mm,120.603178,134.901342,11.855544967480045,True,141313.0,141313.0,0.0,False,operator_microbenchmark_mm.csv,operator_microbenchmark_mm.csv
matmul_M256_N512_K4096_trans_aFalse_trans_bTrue_cuda_dtypetorch.float16_bwd2_BACKWARD,matmul,115.067664,128.702703,11.849583563285009,True,95745.0,95745.0,0.0,False,operator_microbenchmark_matmul.csv,operator_microbenchmark_matmul.csv
addmm_M3000_N4096_K512_cuda_dtypetorch.float16_bwd3_BACKWARD,addmm,110.818433,123.918698,11.821377225213073,True,255745.0,255745.0,0.0,False,operator_microbenchmark_add.csv,operator_microbenchmark_add.csv
matmul_M1024_N512_K4096_trans_aFalse_trans_bTrue_cuda_dtypetorch.bfloat16_bwd1_BACKWARD,matmul,101.462103,113.295624,11.662995985801718,True,112641.0,112641.0,0.0,False,operator_microbenchmark_matmul.csv,operator_microbenchmark_matmul.csv
matmul_M256_N4096_K512_trans_aFalse_trans_bTrue_cuda_dtypetorch.float16_bwd2_BACKWARD,matmul,117.163648,130.759594,11.604235812118105,True,102913.0,102913.0,0.0,False,operator_microbenchmark_matmul.csv,operator_microbenchmark_matmul.csv
matmul_M1024_N4096_K512_trans_aTrue_trans_bTrue_cuda_dtypetorch.bfloat16_bwd2_BACKWARD,matmul,107.872226,120.328288,11.547051972395566,True,141313.0,141313.0,0.0,False,operator_microbenchmark_matmul.csv,operator_microbenchmark_matmul.csv
baddbmm_B8_M256_N1024_K128_cuda_dtypetorch.float32_bwd3_BACKWARD,baddbmm,112.123005,125.036272,11.517053971216692,True,146433.0,146433.0,0.0,False,operator_microbenchmark_bmm.csv,operator_microbenchmark_bmm.csv
bmm_B32_M256_N256_K128_cuda_dtypetorch.bfloat16,bmm,9.044056,10.076436,11.41501114101903,True,43008.0,43008.0,0.0,False,operator_microbenchmark_bmm.csv,operator_microbenchmark_bmm.csv
addbmm_B32_M1024_N256_K128_cuda_dtypetorch.float16_bwd3_BACKWARD,addbmm,125.138631,139.394707,11.392226274235018,True,130561.0,130561.0,0.0,False,operator_microbenchmark_add.csv,operator_microbenchmark_add.csv
addbmm_B32_M256_N256_K128_cuda_dtypetorch.bfloat16_bwdall_BACKWARD,addbmm,117.051879,130.123621,11.167477285862294,True,91009.0,91009.0,0.0,False,operator_microbenchmark_add.csv,operator_microbenchmark_add.csv
addmm_M1024_N512_K4096_cuda_dtypetorch.float16_bwd3_BACKWARD,addmm,116.254519,129.170684,11.110247679920288,True,153601.0,153601.0,0.0,False,operator_microbenchmark_add.csv,operator_microbenchmark_add.csv
matmul_M1024_N4096_K512_trans_aTrue_trans_bTrue_cuda_dtypetorch.bfloat16_bwd1_BACKWARD,matmul,106.627226,118.442446,11.080865969447625,True,141313.0,141313.0,0.0,False,operator_microbenchmark_matmul.csv,operator_microbenchmark_matmul.csv
addmm_M1024_N4096_K512_cuda_dtypetorch.float16_bwd3_BACKWARD,addmm,116.343106,129.22173,11.069520526639543,True,146433.0,146433.0,0.0,False,operator_microbenchmark_add.csv,operator_microbenchmark_add.csv
bmm_B32_M256_N256_K64_cuda_dtypetorch.float16_bwdall_BACKWARD,bmm,103.842922,115.246784,10.981838511824622,True,98305.0,98305.0,0.0,False,operator_microbenchmark_bmm.csv,operator_microbenchmark_bmm.csv
mm_M3000_N512_K4096_cuda_dtypetorch.bfloat16_bwd2_BACKWARD,mm,108.08581,119.915547,10.944764164694707,True,156401.0,156401.0,0.0,False,operator_microbenchmark_mm.csv,operator_microbenchmark_mm.csv
baddbmm_B8_M1024_N1024_K64_cuda_dtypetorch.bfloat16_bwd1_BACKWARD,baddbmm,107.207901,118.915714,10.920662461248995,True,177153.0,177153.0,0.0,False,operator_microbenchmark_bmm.csv,operator_microbenchmark_bmm.csv
baddbmm_B8_M256_N1024_K128_cuda_dtypetorch.float16_bwd1_BACKWARD,baddbmm,117.056887,129.810753,10.895442657722482,True,105985.0,105985.0,0.0,False,operator_microbenchmark_bmm.csv,operator_microbenchmark_bmm.csv
bmm_B8_M256_N256_K128_cuda_dtypetorch.bfloat16,bmm,9.003226,9.981447,10.865227641736414,True,35328.0,35328.0,0.0,False,operator_microbenchmark_bmm.csv,operator_microbenchmark_bmm.csv
baddbmm_B32_M256_N256_K128_cuda_dtypetorch.bfloat16_bwd2_BACKWARD,baddbmm,110.775274,122.802788,10.857580004722003,True,116737.0,116737.0,0.0,False,operator_microbenchmark_bmm.csv,operator_microbenchmark_bmm.csv
matmul_M1024_N512_K512_trans_aTrue_trans_bTrue_cuda_dtypetorch.float16_bwd1_BACKWARD,matmul,99.782973,110.576369,10.816871531779276,True,76801.0,76801.0,0.0,False,operator_microbenchmark_matmul.csv,operator_microbenchmark_matmul.csv
addbmm_B32_M1024_N256_K128_cuda_dtypetorch.bfloat16_bwd1_BACKWARD,addbmm,119.660485,132.600783,10.814178130733811,True,130561.0,130561.0,0.0,False,operator_microbenchmark_add.csv,operator_microbenchmark_add.csv
bmm_B8_M256_N256_K64_cuda_dtypetorch.float32_bwdall_BACKWARD,bmm,113.816957,126.05379,10.75132679922202,True,74241.0,74241.0,0.0,False,operator_microbenchmark_bmm.csv,operator_microbenchmark_bmm.csv
matmul_M1024_N512_K4096_trans_aTrue_trans_bTrue_cuda_dtypetorch.bfloat16_bwd1_BACKWARD,matmul,114.299229,126.558007,10.725162459319833,True,112641.0,112641.0,0.0,False,operator_microbenchmark_matmul.csv,operator_microbenchmark_matmul.csv
addbmm_B32_M1024_N256_K64_cuda_dtypetorch.float32_bwd2_BACKWARD,addbmm,126.940515,140.536047,10.71015979413664,True,134145.0,134145.0,0.0,False,operator_microbenchmark_add.csv,operator_microbenchmark_add.csv
baddbmm_B8_M1024_N256_K64_cuda_dtypetorch.float32_bwd3_BACKWARD,baddbmm,122.123129,135.002622,10.546317561188589,True,132097.0,132097.0,0.0,False,operator_microbenchmark_bmm.csv,operator_microbenchmark_bmm.csv
matmul_M256_N512_K4096_trans_aTrue_trans_bTrue_cuda_dtypetorch.float16_bwd2_BACKWARD,matmul,121.985328,134.830898,10.53042215044091,True,95745.0,95745.0,0.0,False,operator_microbenchmark_matmul.csv,operator_microbenchmark_matmul.csv
mm_M3000_N512_K512_cuda_dtypetorch.float32_bwdall_BACKWARD,mm,121.09815,133.82686,10.511068913934693,True,109145.0,109145.0,0.0,False,operator_microbenchmark_mm.csv,operator_microbenchmark_mm.csv
baddbmm_B8_M256_N256_K64_cuda_dtypetorch.float16_bwdall_BACKWARD,baddbmm,119.275817,131.797486,10.498078583691434,True,75009.0,75009.0,0.0,False,operator_microbenchmark_bmm.csv,operator_microbenchmark_bmm.csv
baddbmm_B32_M256_N256_K128_cuda_dtypetorch.bfloat16_bwd1_BACKWARD,baddbmm,117.245249,129.503694,10.45538740763815,True,116737.0,116737.0,0.0,False,operator_microbenchmark_bmm.csv,operator_microbenchmark_bmm.csv
matmul_M256_N4096_K512_trans_aTrue_trans_bTrue_cuda_dtypetorch.bfloat16_bwd2_BACKWARD,matmul,118.087932,130.428254,10.450112717699227,True,102913.0,102913.0,0.0,False,operator_microbenchmark_matmul.csv,operator_microbenchmark_matmul.csv
bmm_B8_M1024_N1024_K128_cuda_dtypetorch.bfloat16_bwdall_BACKWARD,bmm,113.07411,124.805769,10.375194640046242,True,235521.0,235521.0,0.0,False,operator_microbenchmark_bmm.csv,operator_microbenchmark_bmm.csv
matmul_M256_N4096_K512_trans_aFalse_trans_bFalse_cuda_dtypetorch.float32_bwd1_BACKWARD,matmul,110.530454,121.954033,10.335232134303899,True,140289.0,140289.0,0.0,False,operator_microbenchmark_matmul.csv,operator_microbenchmark_matmul.csv
bmm_B8_M256_N1024_K64_cuda_dtypetorch.float16_bwd1_BACKWARD,bmm,117.900461,130.059714,10.313151362487044,True,96769.0,96769.0,0.0,False,operator_microbenchmark_bmm.csv,operator_microbenchmark_bmm.csv
matmul_M256_N512_K512_trans_aFalse_trans_bFalse_cuda_dtypetorch.float16_bwd2_BACKWARD,matmul,106.715544,117.620312,10.218537610603386,True,70657.0,70657.0,0.0,False,operator_microbenchmark_matmul.csv,operator_microbenchmark_matmul.csv
baddbmm_B8_M1024_N256_K64_cuda_dtypetorch.bfloat16_bwdall_BACKWARD,baddbmm,119.081809,131.247667,10.216386618715205,True,114945.0,114945.0,0.0,False,operator_microbenchmark_bmm.csv,operator_microbenchmark_bmm.csv
baddbmm_B8_M256_N256_K128_cuda_dtypetorch.float32_bwd1_BACKWARD,baddbmm,111.821079,123.163786,10.143621490184337,True,91137.0,91137.0,0.0,False,operator_microbenchmark_bmm.csv,operator_microbenchmark_bmm.csv
baddbmm_B8_M256_N1024_K64_cuda_dtypetorch.float32_bwd2_BACKWARD,baddbmm,120.647981,132.861597,10.123348852393963,True,130561.0,130561.0,0.0,False,operator_microbenchmark_bmm.csv,operator_microbenchmark_bmm.csv
bmm_B8_M256_N1024_K128_cuda_dtypetorch.bfloat16,bmm,9.124602,10.044435,10.080801332485523,True,39936.0,39936.0,0.0,False,operator_microbenchmark_bmm.csv,operator_microbenchmark_bmm.csv
baddbmm_B32_M256_N1024_K128_cuda_dtypetorch.float16_bwd2_BACKWARD,baddbmm,109.285035,120.239185,10.023467531487741,True,227329.0,227329.0,0.0,False,operator_microbenchmark_bmm.csv,operator_microbenchmark_bmm.csv
baddbmm_B8_M1024_N1024_K128_cuda_dtypetorch.float16_bwd1_BACKWARD,baddbmm,118.132809,129.69319,9.785918999014061,True,190465.0,190465.0,0.0,False,operator_microbenchmark_bmm.csv,operator_microbenchmark_bmm.csv
mm_M3000_N4096_K512_cuda_dtypetorch.float16_bwdall_BACKWARD,mm,101.789812,111.696049,9.732051573098499,True,198689.0,198689.0,0.0,False,operator_microbenchmark_mm.csv,operator_microbenchmark_mm.csv
matmul_M256_N4096_K512_trans_aFalse_trans_bFalse_cuda_dtypetorch.bfloat16_bwd2_BACKWARD,matmul,118.153504,129.603441,9.690729950759653,True,102913.0,102913.0,0.0,False,operator_microbenchmark_matmul.csv,operator_microbenchmark_matmul.csv
addbmm_B32_M1024_N1024_K128_cuda_dtypetorch.float16_bwdall_BACKWARD,addbmm,117.899341,129.28182,9.654404259986492,True,122881.0,184321.0,49.99959310226967,True,operator_microbenchmark_add.csv,operator_microbenchmark_add.csv
baddbmm_B8_M256_N256_K128_cuda_dtypetorch.bfloat16_bwdall_BACKWARD,baddbmm,101.724066,111.476591,9.587234745414134,True,84481.0,84481.0,0.0,False,operator_microbenchmark_bmm.csv,operator_microbenchmark_bmm.csv
matmul_M1024_N512_K512_trans_aFalse_trans_bFalse_cuda_dtypetorch.bfloat16,matmul,9.343989,10.231583,9.499090805864604,True,36352.0,36352.0,0.0,False,operator_microbenchmark_matmul.csv,operator_microbenchmark_matmul.csv
bmm_B8_M1024_N1024_K64_cuda_dtypetorch.bfloat16_bwd2_BACKWARD,bmm,114.275357,125.100854,9.47316839272705,True,172033.0,172033.0,0.0,False,operator_microbenchmark_bmm.csv,operator_microbenchmark_bmm.csv
matmul_M3000_N512_K512_trans_aTrue_trans_bFalse_cuda_dtypetorch.float32_bwd1_BACKWARD,matmul,102.019324,111.646258,9.436382856251829,True,119681.0,119681.0,0.0,False,operator_microbenchmark_matmul.csv,operator_microbenchmark_matmul.csv
addbmm_B32_M1024_N1024_K128_cuda_dtypetorch.bfloat16_bwd1_BACKWARD,addbmm,120.378298,131.730336,9.430302794279408,True,178177.0,178177.0,0.0,False,operator_microbenchmark_add.csv,operator_microbenchmark_add.csv
bmm_B8_M1024_N256_K128_cuda_dtypetorch.float16,bmm,9.33821,10.215088,9.390215041212391,True,41472.0,41472.0,0.0,False,operator_microbenchmark_bmm.csv,operator_microbenchmark_bmm.csv
mm_M1024_N512_K512_cuda_dtypetorch.float16_bwd2_BACKWARD,mm,110.40338,120.764066,9.384392035823543,True,76801.0,76801.0,0.0,False,operator_microbenchmark_mm.csv,operator_microbenchmark_mm.csv
matmul_M256_N512_K512_trans_aTrue_trans_bTrue_cuda_dtypetorch.float32_bwdall_BACKWARD,matmul,107.016568,117.033245,9.359931071607516,True,73473.0,73473.0,0.0,False,operator_microbenchmark_matmul.csv,operator_microbenchmark_matmul.csv
matmul_M256_N4096_K512_trans_aFalse_trans_bTrue_cuda_dtypetorch.float16_bwdall_BACKWARD,matmul,117.115766,127.969921,9.26788541860368,True,110593.0,110593.0,0.0,False,operator_microbenchmark_matmul.csv,operator_microbenchmark_matmul.csv
addmm_M256_N512_K4096_cuda_dtypetorch.float32_bwdall_BACKWARD,addmm,105.727846,115.431325,9.177789359295186,True,127233.0,127233.0,0.0,False,operator_microbenchmark_add.csv,operator_microbenchmark_add.csv
matmul_M1024_N512_K4096_trans_aFalse_trans_bTrue_cuda_dtypetorch.bfloat16_bwdall_BACKWARD,matmul,106.202082,115.946785,9.175623317817818,True,112641.0,112641.0,0.0,False,operator_microbenchmark_matmul.csv,operator_microbenchmark_matmul.csv
matmul_M256_N512_K512_trans_aFalse_trans_bTrue_cuda_dtypetorch.bfloat16,matmul,9.649427,10.534159,9.168751678208473,True,34048.0,34048.0,0.0,False,operator_microbenchmark_matmul.csv,operator_microbenchmark_matmul.csv
addmm_M3000_N512_K4096_cuda_dtypetorch.bfloat16_bwdall_BACKWARD,addmm,117.891436,128.624178,9.103919982788234,True,276401.0,276401.0,0.0,False,operator_microbenchmark_add.csv,operator_microbenchmark_add.csv
addbmm_B32_M256_N256_K128_cuda_dtypetorch.bfloat16_bwd3_BACKWARD,addbmm,118.941828,129.715851,9.058228867980729,True,91009.0,91009.0,0.0,False,operator_microbenchmark_add.csv,operator_microbenchmark_add.csv
matmul_M1024_N4096_K4096_trans_aTrue_trans_bTrue_cuda_dtypetorch.float16_bwd1_BACKWARD,matmul,136.043213,148.291504,9.003235611614079,True,327681.0,327681.0,0.0,False,operator_microbenchmark_matmul.csv,operator_microbenchmark_matmul.csv
addmm_M1024_N4096_K4096_cuda_dtypetorch.float16_bwd1_BACKWARD,addmm,149.568338,163.003354,8.982526769803371,True,368641.0,368641.0,0.0,False,operator_microbenchmark_add.csv,operator_microbenchmark_add.csv
bmm_B8_M1024_N1024_K128_cuda_dtypetorch.float16,bmm,9.297881,10.128841,8.937090074609465,True,55296.0,55296.0,0.0,False,operator_microbenchmark_bmm.csv,operator_microbenchmark_bmm.csv
matmul_M1024_N512_K512_trans_aTrue_trans_bFalse_cuda_dtypetorch.float32_bwd1_BACKWARD,matmul,115.930079,126.206725,8.864520828973125,True,88065.0,88065.0,0.0,False,operator_microbenchmark_matmul.csv,operator_microbenchmark_matmul.csv
matmul_M256_N4096_K4096_trans_aTrue_trans_bFalse_cuda_dtypetorch.float16_bwd2_BACKWARD,matmul,107.459252,116.966564,8.847364766693143,True,278529.0,278529.0,0.0,False,operator_microbenchmark_matmul.csv,operator_microbenchmark_matmul.csv
baddbmm_B32_M256_N256_K64_cuda_dtypetorch.float32_bwd1_BACKWARD,baddbmm,115.702447,125.92548,8.835623848128282,True,141313.0,141313.0,0.0,False,operator_microbenchmark_bmm.csv,operator_microbenchmark_bmm.csv
addbmm_B32_M1024_N1024_K64_cuda_dtypetorch.float16_bwdall_BACKWARD,addbmm,124.255365,135.153795,8.770993510018666,True,98305.0,162817.0,65.62433243476934,True,operator_microbenchmark_add.csv,operator_microbenchmark_add.csv
baddbmm_B32_M1024_N256_K64_cuda_dtypetorch.float32_bwd2_BACKWARD,baddbmm,132.250352,143.778853,8.717179822704749,True,331777.0,331777.0,0.0,False,operator_microbenchmark_bmm.csv,operator_microbenchmark_bmm.csv
addbmm_B32_M256_N256_K128_cuda_dtypetorch.float16_bwd1_BACKWARD,addbmm,114.880955,124.845024,8.673386289311397,True,91009.0,91009.0,0.0,False,operator_microbenchmark_add.csv,operator_microbenchmark_add.csv
baddbmm_B8_M256_N1024_K128_cuda_dtypetorch.float32_bwdall_BACKWARD,baddbmm,112.28209,122.020428,8.673100046498956,True,122625.0,122625.0,0.0,False,operator_microbenchmark_bmm.csv,operator_microbenchmark_bmm.csv
addbmm_B32_M256_N1024_K128_cuda_dtypetorch.bfloat16_bwd3_BACKWARD,addbmm,122.035108,132.596127,8.654082561224923,True,130561.0,130561.0,0.0,False,operator_microbenchmark_add.csv,operator_microbenchmark_add.csv
addbmm_B32_M256_N1024_K128_cuda_dtypetorch.float32_bwdall_BACKWARD,addbmm,130.42664,141.52084,8.506084339825055,True,163329.0,163329.0,0.0,False,operator_microbenchmark_add.csv,operator_microbenchmark_add.csv
matmul_M256_N512_K4096_trans_aTrue_trans_bFalse_cuda_dtypetorch.float16_bwd2_BACKWARD,matmul,124.659775,135.259048,8.50256066963061,True,95745.0,95745.0,0.0,False,operator_microbenchmark_matmul.csv,operator_microbenchmark_matmul.csv
matmul_M256_N512_K512_trans_aTrue_trans_bTrue_cuda_dtypetorch.bfloat16_bwd2_BACKWARD,matmul,117.59192,127.576833,8.491155684846365,True,70657.0,70657.0,0.0,False,operator_microbenchmark_matmul.csv,operator_microbenchmark_matmul.csv
matmul_M3000_N512_K512_trans_aTrue_trans_bTrue_cuda_dtypetorch.float16_bwd2_BACKWARD,matmul,118.731732,128.779162,8.462295488117718,True,92609.0,92609.0,0.0,False,operator_microbenchmark_matmul.csv,operator_microbenchmark_matmul.csv
baddbmm_B8_M256_N256_K64_cuda_dtypetorch.float16_bwd1_BACKWARD,baddbmm,111.453069,120.875809,8.4544464181601,True,75009.0,75009.0,0.0,False,operator_microbenchmark_bmm.csv,operator_microbenchmark_bmm.csv
mm_M3000_N4096_K512_cuda_dtypetorch.bfloat16_bwd2_BACKWARD,mm,106.116065,115.079005,8.446355412820846,True,241265.0,241265.0,0.0,False,operator_microbenchmark_mm.csv,operator_microbenchmark_mm.csv
baddbmm_B32_M256_N1024_K64_cuda_dtypetorch.float32_bwdall_BACKWARD,baddbmm,127.21751,137.937475,8.426485473579856,True,221185.0,221185.0,0.0,False,operator_microbenchmark_bmm.csv,operator_microbenchmark_bmm.csv
addbmm_B32_M256_N256_K64_cuda_dtypetorch.float16_bwd3_BACKWARD,addbmm,122.139373,132.406292,8.405904458016172,True,78721.0,78721.0,0.0,False,operator_microbenchmark_add.csv,operator_microbenchmark_add.csv
matmul_M1024_N4096_K512_trans_aTrue_trans_bFalse_cuda_dtypetorch.float16_bwdall_BACKWARD,matmul,113.21595,122.719986,8.394608710168487,True,178177.0,178177.0,0.0,False,operator_microbenchmark_matmul.csv,operator_microbenchmark_matmul.csv
mm_M256_N4096_K512_cuda_dtypetorch.float16_bwd1_BACKWARD,mm,110.513227,119.780021,8.385235189992239,True,102913.0,102913.0,0.0,False,operator_microbenchmark_mm.csv,operator_microbenchmark_mm.csv
baddbmm_B8_M1024_N256_K64_cuda_dtypetorch.float32_bwd2_BACKWARD,baddbmm,123.658902,133.875202,8.261677756123053,True,132097.0,132097.0,0.0,False,operator_microbenchmark_bmm.csv,operator_microbenchmark_bmm.csv
bmm_B32_M1024_N256_K64_cuda_dtypetorch.float16,bmm,9.282552,10.044464,8.208001420299059,True,58368.0,58368.0,0.0,False,operator_microbenchmark_bmm.csv,operator_microbenchmark_bmm.csv
mm_M256_N4096_K512_cuda_dtypetorch.float32_bwd1_BACKWARD,mm,117.881026,127.520632,8.177402527867377,True,140289.0,140289.0,0.0,False,operator_microbenchmark_mm.csv,operator_microbenchmark_mm.csv
bmm_B32_M1024_N256_K64_cuda_dtypetorch.bfloat16,bmm,8.996391,9.727143,8.122723878942132,True,58368.0,58368.0,0.0,False,operator_microbenchmark_bmm.csv,operator_microbenchmark_bmm.csv
matmul_M3000_N4096_K512_trans_aFalse_trans_bFalse_cuda_dtypetorch.float16_bwdall_BACKWARD,matmul,120.850082,130.661849,8.11895766855995,True,324401.0,324401.0,0.0,False,operator_microbenchmark_matmul.csv,operator_microbenchmark_matmul.csv
mm_M1024_N512_K512_cuda_dtypetorch.float32_bwd2_BACKWARD,mm,121.960486,131.820566,8.084651286155099,True,88065.0,88065.0,0.0,False,operator_microbenchmark_mm.csv,operator_microbenchmark_mm.csv
matmul_M1024_N512_K512_trans_aFalse_trans_bTrue_cuda_dtypetorch.float16_bwdall_BACKWARD,matmul,112.768998,121.828995,8.034120335094235,True,281089.0,281089.0,0.0,False,operator_microbenchmark_matmul.csv,operator_microbenchmark_matmul.csv
mm_M256_N512_K512_cuda_dtypetorch.bfloat16_bwdall_BACKWARD,mm,118.058707,127.514091,8.009052648696208,True,70657.0,70657.0,0.0,False,operator_microbenchmark_mm.csv,operator_microbenchmark_mm.csv
mm_M256_N512_K512_cuda_dtypetorch.float16_bwd1_BACKWARD,mm,116.809392,126.113215,7.964961413376755,True,70657.0,70657.0,0.0,False,operator_microbenchmark_mm.csv,operator_microbenchmark_mm.csv
addmm_M256_N512_K4096_cuda_dtypetorch.float32_bwd1_BACKWARD,addmm,114.214859,123.250771,7.911327894735654,True,146433.0,146433.0,0.0,False,operator_microbenchmark_add.csv,operator_microbenchmark_add.csv
baddbmm_B8_M1024_N256_K128_cuda_dtypetorch.float16_bwd1_BACKWARD,baddbmm,116.500219,125.639401,7.844776669475621,True,107521.0,107521.0,0.0,False,operator_microbenchmark_bmm.csv,operator_microbenchmark_bmm.csv
matmul_M1024_N4096_K512_trans_aFalse_trans_bTrue_cuda_dtypetorch.float16_bwdall_BACKWARD,matmul,111.598891,120.313475,7.808844623733763,True,135169.0,135169.0,0.0,False,operator_microbenchmark_matmul.csv,operator_microbenchmark_matmul.csv
mm_M1024_N512_K512_cuda_dtypetorch.float32_bwdall_BACKWARD,mm,124.476819,134.189632,7.802909070161877,True,83457.0,83457.0,0.0,False,operator_microbenchmark_mm.csv,operator_microbenchmark_mm.csv
addmm_M256_N4096_K512_cuda_dtypetorch.bfloat16_bwd2_BACKWARD,addmm,124.718683,134.424846,7.7824450728043715,True,104193.0,104193.0,0.0,False,operator_microbenchmark_add.csv,operator_microbenchmark_add.csv
matmul_M256_N512_K4096_trans_aFalse_trans_bTrue_cuda_dtypetorch.float16_bwd1_BACKWARD,matmul,122.394993,131.891705,7.7590690331589,True,95745.0,95745.0,0.0,False,operator_microbenchmark_matmul.csv,operator_microbenchmark_matmul.csv
bmm_B8_M1024_N256_K64_cuda_dtypetorch.float32_bwdall_BACKWARD,bmm,120.560584,129.904349,7.7502652110576955,True,114177.0,114177.0,0.0,False,operator_microbenchmark_bmm.csv,operator_microbenchmark_bmm.csv
bmm_B32_M256_N1024_K128_cuda_dtypetorch.float16_bwd2_BACKWARD,bmm,113.653677,122.460044,7.7484224289549335,True,217089.0,217089.0,0.0,False,operator_microbenchmark_bmm.csv,operator_microbenchmark_bmm.csv
matmul_M256_N512_K4096_trans_aFalse_trans_bFalse_cuda_dtypetorch.bfloat16_bwd1_BACKWARD,matmul,117.061143,126.080239,7.704602713472569,True,95745.0,95745.0,0.0,False,operator_microbenchmark_matmul.csv,operator_microbenchmark_matmul.csv
bmm_B8_M1024_N256_K64_cuda_dtypetorch.bfloat16_bwd2_BACKWARD,bmm,114.214528,123.01407,7.704398165529347,True,93697.0,93697.0,0.0,False,operator_microbenchmark_bmm.csv,operator_microbenchmark_bmm.csv
baddbmm_B8_M1024_N1024_K128_cuda_dtypetorch.float16_bwdall_BACKWARD,baddbmm,119.228603,128.400047,7.692318595731591,True,190465.0,190465.0,0.0,False,operator_microbenchmark_bmm.csv,operator_microbenchmark_bmm.csv
addbmm_B32_M256_N1024_K64_cuda_dtypetorch.bfloat16_bwd3_BACKWARD,addbmm,118.646252,127.743564,7.667593241799161,True,99841.0,99841.0,0.0,False,operator_microbenchmark_add.csv,operator_microbenchmark_add.csv
addmm_M3000_N512_K512_cuda_dtypetorch.bfloat16_bwdall_BACKWARD,addmm,114.351587,123.089655,7.641405099170158,True,107609.0,107609.0,0.0,False,operator_microbenchmark_add.csv,operator_microbenchmark_add.csv
baddbmm_B32_M1024_N256_K128_cuda_dtypetorch.float16_bwd3_BACKWARD,baddbmm,109.890829,118.217751,7.57744943392866,True,233473.0,233473.0,0.0,False,operator_microbenchmark_bmm.csv,operator_microbenchmark_bmm.csv
bmm_B32_M256_N256_K128_cuda_dtypetorch.float16,bmm,9.342007,10.046563,7.541805524230501,True,43008.0,43008.0,0.0,False,operator_microbenchmark_bmm.csv,operator_microbenchmark_bmm.csv
bmm_B8_M1024_N1024_K128_cuda_dtypetorch.bfloat16,bmm,8.989159,9.666186,7.531594446154516,True,55296.0,55296.0,0.0,False,operator_microbenchmark_bmm.csv,operator_microbenchmark_bmm.csv
matmul_M256_N4096_K512_trans_aTrue_trans_bTrue_cuda_dtypetorch.float32_bwd1_BACKWARD,matmul,122.243282,131.418133,7.505403037199229,True,140289.0,140289.0,0.0,False,operator_microbenchmark_matmul.csv,operator_microbenchmark_matmul.csv
addbmm_B32_M1024_N1024_K128_cuda_dtypetorch.float16_bwd3_BACKWARD,addbmm,120.053725,129.060181,7.502021282554956,True,178177.0,178177.0,0.0,False,operator_microbenchmark_add.csv,operator_microbenchmark_add.csv
addbmm_B32_M1024_N1024_K64_cuda_dtypetorch.float16_bwd3_BACKWARD,addbmm,125.970533,135.419451,7.500895467355057,True,129025.0,129025.0,0.0,False,operator_microbenchmark_add.csv,operator_microbenchmark_add.csv
addmm_M3000_N512_K4096_cuda_dtypetorch.bfloat16_bwd2_BACKWARD,addmm,114.792571,123.371021,7.473001018506681,True,276401.0,276401.0,0.0,False,operator_microbenchmark_add.csv,operator_microbenchmark_add.csv
matmul_M256_N512_K4096_trans_aFalse_trans_bFalse_cuda_dtypetorch.float16_bwdall_BACKWARD,matmul,120.502414,129.493718,7.461513592582468,True,108801.0,108801.0,0.0,False,operator_microbenchmark_matmul.csv,operator_microbenchmark_matmul.csv
baddbmm_B32_M256_N1024_K128_cuda_dtypetorch.float16_bwd3_BACKWARD,baddbmm,112.631085,121.02395,7.451641791429071,True,227329.0,227329.0,0.0,False,operator_microbenchmark_bmm.csv,operator_microbenchmark_bmm.csv
baddbmm_B32_M256_N256_K128_cuda_dtypetorch.float32_bwd3_BACKWARD,baddbmm,117.657082,126.418924,7.446931243798822,True,167937.0,167937.0,0.0,False,operator_microbenchmark_bmm.csv,operator_microbenchmark_bmm.csv
addmm_M3000_N512_K512_cuda_dtypetorch.float16_bwd3_BACKWARD,addmm,111.238992,119.511963,7.437114316893485,True,107609.0,107609.0,0.0,False,operator_microbenchmark_add.csv,operator_microbenchmark_add.csv
matmul_M3000_N512_K512_trans_aFalse_trans_bTrue_cuda_dtypetorch.float32_bwdall_BACKWARD,matmul,117.998563,126.749145,7.4158377674480604,True,109145.0,109145.0,0.0,False,operator_microbenchmark_matmul.csv,operator_microbenchmark_matmul.csv
bmm_B8_M256_N1024_K128_cuda_dtypetorch.float16,bmm,9.441249,10.137467,7.374215000578843,True,39936.0,39936.0,0.0,False,operator_microbenchmark_bmm.csv,operator_microbenchmark_bmm.csv
baddbmm_B32_M256_N1024_K64_cuda_dtypetorch.float16_bwd1_BACKWARD,baddbmm,112.488146,120.696505,7.297087997165498,True,195585.0,195585.0,0.0,False,operator_microbenchmark_bmm.csv,operator_microbenchmark_bmm.csv
addmm_M256_N4096_K512_cuda_dtypetorch.float16_bwd3_BACKWARD,addmm,111.899475,119.931092,7.177528759630027,True,104193.0,104193.0,0.0,False,operator_microbenchmark_add.csv,operator_microbenchmark_add.csv
addbmm_B32_M256_N256_K128_cuda_dtypetorch.bfloat16_bwd1_BACKWARD,addbmm,121.351883,130.017368,7.140791544207026,True,91009.0,91009.0,0.0,False,operator_microbenchmark_add.csv,operator_microbenchmark_add.csv
matmul_M1024_N512_K4096_trans_aFalse_trans_bFalse_cuda_dtypetorch.bfloat16_bwdall_BACKWARD,matmul,116.02357,123.960068,6.840418718369035,True,112641.0,112641.0,0.0,False,operator_microbenchmark_matmul.csv,operator_microbenchmark_matmul.csv
bmm_B32_M1024_N256_K128_cuda_dtypetorch.float16_bwd2_BACKWARD,bmm,111.080928,118.619973,6.786984170675997,True,192513.0,192513.0,0.0,False,operator_microbenchmark_bmm.csv,operator_microbenchmark_bmm.csv
addbmm_B32_M256_N1024_K64_cuda_dtypetorch.bfloat16_bwd2_BACKWARD,addbmm,127.25873,135.842528,6.74515453674572,True,99841.0,99841.0,0.0,False,operator_microbenchmark_add.csv,operator_microbenchmark_add.csv
matmul_M1024_N512_K512_trans_aFalse_trans_bFalse_cuda_dtypetorch.bfloat16_bwd1_BACKWARD,matmul,106.086611,113.186649,6.69268056833298,True,76801.0,76801.0,0.0,False,operator_microbenchmark_matmul.csv,operator_microbenchmark_matmul.csv
bmm_B8_M1024_N256_K64_cuda_dtypetorch.bfloat16,bmm,9.374614,10.000094,6.6720613776738045,True,39168.0,39168.0,0.0,False,operator_microbenchmark_bmm.csv,operator_microbenchmark_bmm.csv
bmm_B8_M1024_N1024_K64_cuda_dtypetorch.float32_bwdall_BACKWARD,bmm,117.788194,125.629777,6.65735905586599,True,187905.0,187905.0,0.0,False,operator_microbenchmark_bmm.csv,operator_microbenchmark_bmm.csv
mm_M3000_N512_K512_cuda_dtypetorch.float16_bwdall_BACKWARD,mm,116.137711,123.78562,6.58520728034669,True,327833.0,327833.0,0.0,False,operator_microbenchmark_mm.csv,operator_microbenchmark_mm.csv
matmul_M256_N4096_K512_trans_aTrue_trans_bTrue_cuda_dtypetorch.float16,matmul,11.865463,12.645531,6.574273587132671,True,39424.0,39424.0,0.0,False,operator_microbenchmark_matmul.csv,operator_microbenchmark_matmul.csv
matmul_M256_N4096_K512_trans_aFalse_trans_bTrue_cuda_dtypetorch.float32_bwd2_BACKWARD,matmul,119.53336,127.384235,6.567936348480459,True,140289.0,140289.0,0.0,False,operator_microbenchmark_matmul.csv,operator_microbenchmark_matmul.csv
matmul_M256_N512_K512_trans_aFalse_trans_bTrue_cuda_dtypetorch.bfloat16_bwd2_BACKWARD,matmul,106.474013,113.453703,6.555299085045292,True,70657.0,70657.0,0.0,False,operator_microbenchmark_matmul.csv,operator_microbenchmark_matmul.csv
addmm_M256_N512_K512_cuda_dtypetorch.float16_bwdall_BACKWARD,addmm,127.061195,135.365314,6.5355272315831865,True,68865.0,68865.0,0.0,False,operator_microbenchmark_add.csv,operator_microbenchmark_add.csv
bmm_B8_M1024_N1024_K64_cuda_dtypetorch.float16_bwdall_BACKWARD,bmm,112.422658,119.716585,6.487951032077534,True,172033.0,172033.0,0.0,False,operator_microbenchmark_bmm.csv,operator_microbenchmark_bmm.csv
mm_M256_N512_K4096_cuda_dtypetorch.float32_bwdall_BACKWARD,mm,122.878817,130.707304,6.3709003643809465,True,112897.0,112897.0,0.0,False,operator_microbenchmark_mm.csv,operator_microbenchmark_mm.csv
bmm_B8_M1024_N256_K128_cuda_dtypetorch.bfloat16,bmm,9.16911,9.753159,6.369745809571488,True,41472.0,41472.0,0.0,False,operator_microbenchmark_bmm.csv,operator_microbenchmark_bmm.csv
bmm_B8_M1024_N256_K64_cuda_dtypetorch.float16_bwd2_BACKWARD,bmm,114.258287,121.491698,6.330753934723356,True,93697.0,93697.0,0.0,False,operator_microbenchmark_bmm.csv,operator_microbenchmark_bmm.csv
matmul_M256_N4096_K4096_trans_aFalse_trans_bFalse_cuda_dtypetorch.float16_bwd1_BACKWARD,matmul,103.437859,109.966713,6.311861114604078,True,278529.0,278529.0,0.0,False,operator_microbenchmark_matmul.csv,operator_microbenchmark_matmul.csv
bmm_B8_M1024_N256_K64_cuda_dtypetorch.bfloat16_bwd1_BACKWARD,bmm,114.211162,121.374546,6.272052463663748,True,93697.0,93697.0,0.0,False,operator_microbenchmark_bmm.csv,operator_microbenchmark_bmm.csv
bmm_B32_M1024_N256_K128_cuda_dtypetorch.bfloat16,bmm,9.133018,9.703629,6.2477814015038575,True,67584.0,67584.0,0.0,False,operator_microbenchmark_bmm.csv,operator_microbenchmark_bmm.csv
matmul_M256_N4096_K512_trans_aTrue_trans_bTrue_cuda_dtypetorch.float16_bwdall_BACKWARD,matmul,115.718994,122.881378,6.189462725540116,True,121345.0,121345.0,0.0,False,operator_microbenchmark_matmul.csv,operator_microbenchmark_matmul.csv
matmul_M256_N512_K512_trans_aTrue_trans_bFalse_cuda_dtypetorch.bfloat16_bwd1_BACKWARD,matmul,100.944347,107.179141,6.176466721806629,True,70657.0,70657.0,0.0,False,operator_microbenchmark_matmul.csv,operator_microbenchmark_matmul.csv
matmul_M256_N4096_K512_trans_aTrue_trans_bTrue_cuda_dtypetorch.bfloat16_bwd1_BACKWARD,matmul,120.067737,127.429195,6.131087487723712,True,102913.0,102913.0,0.0,False,operator_microbenchmark_matmul.csv,operator_microbenchmark_matmul.csv
baddbmm_B8_M256_N1024_K128_cuda_dtypetorch.float16_bwdall_BACKWARD,baddbmm,122.004474,129.459503,6.110455424774021,True,105985.0,105985.0,0.0,False,operator_microbenchmark_bmm.csv,operator_microbenchmark_bmm.csv
matmul_M1024_N4096_K4096_trans_aTrue_trans_bTrue_cuda_dtypetorch.bfloat16_bwd2_BACKWARD,matmul,136.303534,144.480642,5.999190013664631,True,327681.0,327681.0,0.0,False,operator_microbenchmark_matmul.csv,operator_microbenchmark_matmul.csv
addbmm_B32_M256_N256_K128_cuda_dtypetorch.float32_bwd1_BACKWARD,addbmm,117.280002,124.301157,5.986660027512626,True,116481.0,116481.0,0.0,False,operator_microbenchmark_add.csv,operator_microbenchmark_add.csv
bmm_B8_M256_N1024_K128_cuda_dtypetorch.float16_bwd2_BACKWARD,bmm,117.332754,124.328525,5.962334268570911,True,103425.0,103425.0,0.0,False,operator_microbenchmark_bmm.csv,operator_microbenchmark_bmm.csv
baddbmm_B8_M1024_N1024_K64_cuda_dtypetorch.float32_bwdall_BACKWARD,baddbmm,129.042987,136.726276,5.954053899883767,True,198145.0,198145.0,0.0,False,operator_microbenchmark_bmm.csv,operator_microbenchmark_bmm.csv
baddbmm_B8_M1024_N1024_K64_cuda_dtypetorch.float32_bwd2_BACKWARD,baddbmm,131.211181,138.970799,5.913839004314723,True,288769.0,288769.0,0.0,False,operator_microbenchmark_bmm.csv,operator_microbenchmark_bmm.csv
bmm_B32_M256_N256_K64_cuda_dtypetorch.float16_bwd2_BACKWARD,bmm,107.590548,113.951939,5.91259280508544,True,98305.0,98305.0,0.0,False,operator_microbenchmark_bmm.csv,operator_microbenchmark_bmm.csv
mm_M1024_N512_K512_cuda_dtypetorch.bfloat16_bwd2_BACKWARD,mm,115.001423,121.689674,5.81579847059805,True,76801.0,76801.0,0.0,False,operator_microbenchmark_mm.csv,operator_microbenchmark_mm.csv
matmul_M256_N4096_K4096_trans_aTrue_trans_bFalse_cuda_dtypetorch.bfloat16_bwd2_BACKWARD,matmul,116.966865,123.7527,5.801501989473691,True,278529.0,278529.0,0.0,False,operator_microbenchmark_matmul.csv,operator_microbenchmark_matmul.csv
matmul_M1024_N512_K512_trans_aFalse_trans_bTrue_cuda_dtypetorch.float32_bwdall_BACKWARD,matmul,117.276377,124.044876,5.771408678492861,True,83457.0,83457.0,0.0,False,operator_microbenchmark_matmul.csv,operator_microbenchmark_matmul.csv
addbmm_B32_M1024_N1024_K128_cuda_dtypetorch.bfloat16,addbmm,249.275842,263.607739,5.749412732903323,True,88064.0,88064.0,0.0,False,operator_microbenchmark_add.csv,operator_microbenchmark_add.csv
bmm_B8_M256_N256_K64_cuda_dtypetorch.float16,bmm,9.394644,9.934041,5.74153741216805,True,34560.0,34560.0,0.0,False,operator_microbenchmark_bmm.csv,operator_microbenchmark_bmm.csv
bmm_B8_M256_N256_K128_cuda_dtypetorch.float16,bmm,9.325278,9.859249,5.726059855802682,True,35328.0,35328.0,0.0,False,operator_microbenchmark_bmm.csv,operator_microbenchmark_bmm.csv
matmul_M1024_N512_K4096_trans_aFalse_trans_bFalse_cuda_dtypetorch.bfloat16,matmul,9.648287,10.197556,5.692917302314916,True,54272.0,54272.0,0.0,False,operator_microbenchmark_matmul.csv,operator_microbenchmark_matmul.csv
mm_M256_N512_K512_cuda_dtypetorch.float32_bwd2_BACKWARD,mm,126.961416,134.133591,5.649098148054678,True,75777.0,75777.0,0.0,False,operator_microbenchmark_mm.csv,operator_microbenchmark_mm.csv
bmm_B8_M256_N256_K64_cuda_dtypetorch.bfloat16,bmm,9.000188,9.507191,5.633248994354352,True,34560.0,34560.0,0.0,False,operator_microbenchmark_bmm.csv,operator_microbenchmark_bmm.csv
addbmm_B32_M1024_N1024_K128_cuda_dtypetorch.float16,addbmm,250.520844,264.531311,5.5925354458729215,True,88064.0,88064.0,0.0,False,operator_microbenchmark_add.csv,operator_microbenchmark_add.csv
baddbmm_B32_M1024_N256_K128_cuda_dtypetorch.float16_bwdall_BACKWARD,baddbmm,108.030438,114.064314,5.585348084953606,True,233473.0,233473.0,0.0,False,operator_microbenchmark_bmm.csv,operator_microbenchmark_bmm.csv
matmul_M256_N512_K4096_trans_aTrue_trans_bTrue_cuda_dtypetorch.bfloat16_bwd1_BACKWARD,matmul,116.682352,123.148841,5.5419597644037975,True,95745.0,95745.0,0.0,False,operator_microbenchmark_matmul.csv,operator_microbenchmark_matmul.csv
addmm_M256_N512_K512_cuda_dtypetorch.float32_bwdall_BACKWARD,addmm,128.767094,135.864861,5.512096902645023,True,75265.0,75265.0,0.0,False,operator_microbenchmark_add.csv,operator_microbenchmark_add.csv
addmm_M256_N512_K4096_cuda_dtypetorch.bfloat16_bwdall_BACKWARD,addmm,133.570357,140.919152,5.501815795850568,True,105985.0,105985.0,0.0,False,operator_microbenchmark_add.csv,operator_microbenchmark_add.csv
baddbmm_B8_M1024_N256_K128_cuda_dtypetorch.float16_bwdall_BACKWARD,baddbmm,120.645624,127.249853,5.4740725614714405,True,107521.0,107521.0,0.0,False,operator_microbenchmark_bmm.csv,operator_microbenchmark_bmm.csv
addbmm_B32_M1024_N1024_K64_cuda_dtypetorch.bfloat16_bwd1_BACKWARD,addbmm,126.800977,133.737164,5.470136874418565,True,129025.0,129025.0,0.0,False,operator_microbenchmark_add.csv,operator_microbenchmark_add.csv
addmm_M1024_N4096_K512_cuda_dtypetorch.bfloat16,addmm,13.053547,13.766753,5.463695040129703,True,48128.0,48128.0,0.0,False,operator_microbenchmark_add.csv,operator_microbenchmark_add.csv
matmul_M3000_N512_K512_trans_aTrue_trans_bTrue_cuda_dtypetorch.bfloat16_bwdall_BACKWARD,matmul,113.79571,119.983118,5.437294604515412,True,92609.0,92609.0,0.0,False,operator_microbenchmark_matmul.csv,operator_microbenchmark_matmul.csv
baddbmm_B32_M256_N1024_K64_cuda_dtypetorch.bfloat16_bwd2_BACKWARD,baddbmm,110.007017,115.976421,5.426384755074303,True,195585.0,195585.0,0.0,False,operator_microbenchmark_bmm.csv,operator_microbenchmark_bmm.csv
mm_M256_N512_K512_cuda_dtypetorch.float16_bwdall_BACKWARD,mm,117.38029,123.743298,5.420848764302757,True,68353.0,68353.0,0.0,False,operator_microbenchmark_mm.csv,operator_microbenchmark_mm.csv
addmm_M256_N512_K512_cuda_dtypetorch.bfloat16_bwd1_BACKWARD,addmm,121.58923,128.178452,5.419248069915397,True,71937.0,71937.0,0.0,False,operator_microbenchmark_add.csv,operator_microbenchmark_add.csv
baddbmm_B32_M1024_N256_K64_cuda_dtypetorch.bfloat16_bwd2_BACKWARD,baddbmm,122.472615,128.894301,5.2433648126154635,True,198657.0,198657.0,0.0,False,operator_microbenchmark_bmm.csv,operator_microbenchmark_bmm.csv
matmul_M3000_N4096_K512_trans_aFalse_trans_bFalse_cuda_dtypetorch.float16_bwd2_BACKWARD,matmul,116.684943,122.802037,5.242402183801893,True,240457.0,240457.0,0.0,False,operator_microbenchmark_matmul.csv,operator_microbenchmark_matmul.csv
baddbmm_B32_M256_N1024_K64_cuda_dtypetorch.float32_bwd3_BACKWARD,baddbmm,127.526484,134.193416,5.227880351504098,True,325633.0,325633.0,0.0,False,operator_microbenchmark_bmm.csv,operator_microbenchmark_bmm.csv
matmul_M1024_N4096_K512_trans_aTrue_trans_bTrue_cuda_dtypetorch.float16_bwd2_BACKWARD,matmul,114.035822,119.981912,5.214229963633707,True,141313.0,141313.0,0.0,False,operator_microbenchmark_matmul.csv,operator_microbenchmark_matmul.csv
addbmm_B32_M1024_N256_K128_cuda_dtypetorch.bfloat16,addbmm,247.955625,260.881775,5.213090043833451,True,77312.0,77312.0,0.0,False,operator_microbenchmark_add.csv,operator_microbenchmark_add.csv
addbmm_B32_M1024_N256_K128_cuda_dtypetorch.bfloat16_bwd2_BACKWARD,addbmm,131.90855,138.75666,5.191558848914661,True,130561.0,130561.0,0.0,False,operator_microbenchmark_add.csv,operator_microbenchmark_add.csv
matmul_M256_N4096_K512_trans_aTrue_trans_bFalse_cuda_dtypetorch.bfloat16,matmul,11.793862,12.397356,5.117017648671822,True,39424.0,39424.0,0.0,False,operator_microbenchmark_matmul.csv,operator_microbenchmark_matmul.csv
baddbmm_B32_M256_N1024_K64_cuda_dtypetorch.float32_bwd1_BACKWARD,baddbmm,127.268039,133.748071,5.091641272165754,True,325633.0,325633.0,0.0,False,operator_microbenchmark_bmm.csv,operator_microbenchmark_bmm.csv
mm_M1024_N512_K512_cuda_dtypetorch.bfloat16_bwd1_BACKWARD,mm,115.911684,121.745287,5.0327997995439455,True,76801.0,76801.0,0.0,False,operator_microbenchmark_mm.csv,operator_microbenchmark_mm.csv
mm_M3000_N512_K4096_cuda_dtypetorch.bfloat16_bwdall_BACKWARD,mm,116.850738,122.695843,5.002197761044512,True,156113.0,156113.0,0.0,False,operator_microbenchmark_mm.csv,operator_microbenchmark_mm.csv
addbmm_B32_M256_N256_K128_cuda_dtypetorch.float16_bwdall_BACKWARD,addbmm,120.346282,123.479877,2.6038153800214614,False,78337.0,91393.0,16.66645391066801,True,operator_microbenchmark_add.csv,operator_microbenchmark_add.csv
addbmm_B32_M1024_N256_K64_cuda_dtypetorch.float16_bwdall_BACKWARD,addbmm,133.687131,133.434231,-0.1891730326683296,False,82945.0,147457.0,77.77684007474834,True,operator_microbenchmark_add.csv,operator_microbenchmark_add.csv
addbmm_B32_M256_N256_K64_cuda_dtypetorch.float16_bwdall_BACKWARD,addbmm,126.096966,117.837883,-6.549787248647989,False,72193.0,109057.0,51.063122463396724,True,operator_microbenchmark_add.csv,operator_microbenchmark_add.csv
addbmm_B32_M256_N1024_K64_cuda_dtypetorch.float16_bwdall_BACKWARD,addbmm,138.304483,126.805075,-8.314559116641217,False,82945.0,108289.0,30.55518717222256,True,operator_microbenchmark_add.csv,operator_microbenchmark_add.csv
addbmm_B32_M256_N1024_K128_cuda_dtypetorch.float16_bwdall_BACKWARD,addbmm,137.199315,125.689096,-8.389414334903936,False,98305.0,132097.0,34.37465032297442,True,operator_microbenchmark_add.csv,operator_microbenchmark_add.csv
addbmm_B32_M1024_N256_K128_cuda_dtypetorch.float16_bwdall_BACKWARD,addbmm,135.183466,120.541977,-10.830828231612294,False,98305.0,132097.0,34.37465032297442,True,operator_microbenchmark_add.csv,operator_microbenchmark_add.csv
